{"stats":{"minecraft:mined":{"minecraft:yellow_terracotta":2,"minecraft:white_bed":7,"minecraft:attached_melon_stem":1,"iceandfire:silver_ore":5,"minecraft:cherry_log":9,"minecraft:granite":5,"butchersdelight:deadsheepblock":2,"minecraft:acacia_log":63,"minecraft:grass_block":174,"farmersdelight:tomatoes":3,"butchersdelight:deadpigblock":1,"minecraft:hay_block":58,"minecraft:tall_seagrass":18,"minecraft:furnace":1,"minecraft:iron_ore":12,"minecraft:fire":7,"twilightforest:naga_trophy":4,"minecraft:acacia_wood":3,"boh:dvdburner":1,"twilightforest:twilight_oak_leaves":1,"minecraft:brown_bed":2,"supplementaries:stick":1,"minecraft:dirt_path":1,"boh:analog_television":1,"minecraft:pink_tulip":1,"cfm:white_sofa":3,"minecraft:stone":294,"minecraft:white_wool":3,"minecraft:orange_bed":9,"butchersdelight:hookedpigp_3":2,"minecraft:acacia_leaves":7,"minecraft:scaffolding":1,"twilightforest:twilight_oak_stairs":4,"minecraft:glass_pane":9,"supplementaries:book_pile":1,"minecraft:melon_stem":4,"iceandfire:podium_acacia":1,"minecraft:crafting_table":6,"minecraft:torch":5,"minecraft:poppy":1,"minecraft:melon":16,"minecraft:chest":2,"minecraft:campfire":4,"minecraft:tall_grass":58,"minecraft:oak_planks":5,"minecraft:sugar_cane":2,"butchersdelight:deadchickenblock":1,"minecraft:wall_torch":10,"minecraft:skeleton_skull":1,"minecraft:pink_petals":13,"minecraft:seagrass":10,"minecraft:red_terracotta":2,"minecraft:acacia_fence_gate":1,"minecraft:wheat":243,"minecraft:yellow_bed":1,"minecraft:grass":408,"minecraft:oak_log":9,"minecraft:coal_ore":47,"minecraft:cherry_leaves":1,"minecraft:gravel":15,"minecraft:dripstone_block":2,"minecraft:dirt":45,"minecraft:cobweb":1,"minecraft:acacia_planks":2,"minecraft:oak_leaves":7,"twilightforest:twilight_oak_door":3,"minecraft:fern":3},"minecraft:killed_by":{"minecraft:player":9,"twilightforest:skeleton_druid":1,"minecraft:creeper":2,"alexsmobs:elephant":2,"alexsmobs:tiger":2,"mutantmonsters:mutant_skeleton":2,"minecraft:skeleton":6,"minecraft:zombie":2,"alexsmobs:kangaroo":1,"irons_spellbooks:archevoker":2,"mowziesmobs:umvuthana_raptor":1,"guardvillagers:guard":1},"minecraft:broken":{"minecraft:flint_and_steel":1,"minecraft:stone_pickaxe":1,"minecraft:stone_shovel":1},"minecraft:picked_up":{"iceandfire:dragon_skull_lightning":1,"minecraft:charcoal":8,"minecraft:crafting_table":6,"minecraft:wheat":227,"minecraft:ladder":9,"minecraft:chicken":9,"minecraft:clay_ball":9,"twilightforest:naga_trophy":5,"minecraft:lead":2,"minecraft:brown_bed":2,"minecraft:enchanted_book":2,"tombstone:grave_key":2,"minecraft:brick":8,"minecraft:golden_sword":1,"minecraft:string":1,"mutantmonsters:mutant_skeleton_skull":1,"minecraft:raw_copper":43,"minecraft:item_frame":4,"minecraft:armor_stand":2,"iceandfire:bestiary":1,"minecraft:gold_nugget":2,"farmersdelight:cabbage":2,"minecraft:acacia_fence_gate":1,"farmersdelight:straw":3,"minecraft:written_book":3,"twilightforest:naga_scale":30,"minecraft:poppy":3,"minecraft:chest":2,"minecraft:melon_slice":82,"minecraft:sugar_cane":5,"iceandfire:podium_acacia":1,"minecraft:diamond_hoe":1,"farmersdelight:cabbage_seeds":12,"minecraft:furnace":1,"cfm:white_sofa":4,"minecraft:raw_iron":12,"minecraft:stick":22,"minecraft:torch":17,"minecraft:acacia_log":61,"minecraft:porkchop":4,"farmersdelight:tomato_seeds":4,"minecraft:cherry_log":9,"tombstone:grave_dust":3,"minecraft:carrot":5,"minecraft:orange_bed":8,"butchersdelight:deadsheep":9,"minecraft:arrow":1,"twilightforest:twilight_oak_stairs":3,"minecraft:rotten_flesh":3,"minecraft:hay_block":57,"minecraft:yellow_terracotta":4,"minecraft:pink_tulip":1,"minecraft:saddle":1,"minecraft:gold_ingot":1,"supplementaries:ash":12,"minecraft:skeleton_skull":1,"alexsmobs:kangaroo_meat":2,"minecraft:white_wool":10,"minecraft:cobblestone":300,"minecraft:pink_petals":40,"minecraft:feather":1,"minecraft:salmon":1,"minecraft:leather":2,"alexsmobs:acacia_blossom":1,"minecraft:acacia_wood":3,"minecraft:potato":8,"butchersdelight:deadpig":5,"minecraft:flint":2,"minecraft:oak_log":10,"minecraft:yellow_bed":1,"minecraft:wooden_hoe":1,"farmersdelight:tomato":17,"minecraft:dirt":221,"butchersdelight:deadchiken":1,"minecraft:bone":5,"minecraft:acacia_planks":44,"minecraft:wheat_seeds":454,"minecraft:pink_banner":1,"minecraft:iron_ingot":3,"minecraft:oak_planks":5,"minecraft:book":4,"mowziesmobs:clawed_log":1,"minecraft:cooked_porkchop":2,"minecraft:dripstone_block":2,"minecraft:gravel":13,"minecraft:sand":16,"minecraft:white_bed":6,"minecraft:red_terracotta":2,"minecraft:slime_ball":2,"twilightforest:twilight_oak_door":7,"minecraft:granite":5,"minecraft:bone_meal":1,"minecraft:seagrass":43,"mowziesmobs:umvuthana_mask_fear":2,"alexsmobs:maggot":1,"butchersdelight:hook":2,"minecraft:oak_sapling":4,"minecraft:melon_seeds":4,"iceandfire:chared_gravel":4,"minecraft:coal":74,"iceandfire:raw_silver":5},"minecraft:dropped":{"farmersdelight:tomato_seeds":5,"minecraft:golden_boots":1,"boh:kindness_flower":1,"minecraft:wheat_seeds":269,"minecraft:yellow_terracotta":2,"minecraft:feather":1,"iceandfire:podium_acacia":1,"minecraft:granite":4,"minecraft:acacia_log":1,"minecraft:chainmail_helmet":1,"minecraft:stick":5,"minecraft:cobweb":12,"minecraft:dirt":5,"minecraft:wooden_hoe":1,"tombstone:grave_key":5,"tombstone:grave_dust":1,"minecraft:acacia_planks":10,"alexsmobs:acacia_blossom":1,"minecraft:raw_copper":38,"minecraft:wheat":8,"farmersdelight:cabbage":2,"farmersdelight:cabbage_seeds":16,"minecraft:rotten_flesh":1,"cfm:white_sofa":1,"minecraft:oak_planks":4,"farmersdelight:straw":2,"alexsmobs:emu_egg":3,"minecraft:poppy":2,"minecraft:leather_chestplate":1,"minecraft:melon_seeds":4,"minecraft:oak_sapling":7,"minecraft:acacia_sapling":8,"minecraft:chest":2,"iceandfire:bestiary":1,"minecraft:leather_leggings":1,"minecraft:slime_ball":3,"minecraft:stone_pickaxe":1,"reliquary:zombie_heart":5},"minecraft:killed":{"minecraft:spider":2,"minecraft:skeleton":2,"minecraft:sheep":7,"minecraft:zombie":1},"minecraft:custom":{"minecraft:mob_kills":12,"minecraft:interact_with_crafting_table":31,"minecraft:open_barrel":5,"minecraft:interact_with_campfire":4,"minecraft:bell_ring":4,"minecraft:damage_dealt_resisted":0,"minecraft:leave_game":7,"minecraft:time_since_death":5817,"minecraft:climb_one_cm":3690,"minecraft:damage_resisted":0,"minecraft:sprint_one_cm":980625,"minecraft:walk_one_cm":464592,"minecraft:drop":77,"minecraft:talked_to_villager":1,"minecraft:play_time":220938,"minecraft:sneak_time":13689,"minecraft:deaths":36,"minecraft:walk_under_water_one_cm":36876,"minecraft:jump":5590,"minecraft:walk_on_water_one_cm":68787,"minecraft:total_world_time":220938,"minecraft:interact_with_furnace":19,"minecraft:sleep_in_bed":17,"minecraft:time_since_rest":4835,"minecraft:waystone_activated":3,"minecraft:damage_taken":11946,"minecraft:damage_dealt":4093,"minecraft:player_kills":3,"minecraft:swim_one_cm":285322,"minecraft:fly_one_cm":3694613,"minecraft:open_chest":64,"minecraft:crouch_one_cm":34684,"tombstone:undead_killed":3,"minecraft:inspect_dispenser":1,"minecraft:interact_with_smoker":3,"minecraft:fall_one_cm":137385,"minecraft:interact_with_smithing_table":2,"minecraft:horse_one_cm":420281},"minecraft:crafted":{"minecraft:cherry_planks":36,"minecraft:oak_planks":32,"minecraft:stone_shovel":4,"minecraft:furnace":17,"minecraft:cooked_mutton":4,"minecraft:iron_axe":1,"minecraft:stone_pickaxe":2,"minecraft:wheat":513,"minecraft:cooked_porkchop":2,"minecraft:crafting_table":9,"minecraft:wooden_pickaxe":2,"minecraft:brown_bed":1,"minecraft:stone_axe":2,"minecraft:bread":78,"minecraft:air":0,"minecraft:wooden_hoe":1,"minecraft:acacia_sign":3,"minecraft:iron_ingot":7,"minecraft:stick":40,"minecraft:iron_pickaxe":2,"minecraft:wooden_axe":1,"minecraft:white_bed":1,"minecraft:acacia_planks":144,"minecraft:shears":1},"minecraft:used":{"minecraft:acacia_log":1,"minecraft:flint_and_steel":64,"twilightforest:twilight_oak_door":4,"minecraft:armor_stand":1,"minecraft:stone_shovel":230,"minecraft:diamond_hoe":9,"butchersdelight:hook":2,"twilightforest:twilight_oak_stairs":3,"minecraft:player_head":2,"minecraft:stick":1,"minecraft:orange_bed":7,"minecraft:torch":15,"minecraft:dirt":108,"farmersdelight:flint_knife":2,"minecraft:carrot":6,"minecraft:wooden_axe":18,"farmersdelight:tomato":17,"minecraft:iron_axe":50,"mowziesmobs:clawed_log":1,"minecraft:item_frame":1,"mowziesmobs:umvuthana_mask_rage":1,"minecraft:golden_sword":20,"minecraft:goat_horn":1,"minecraft:furnace":18,"tombstone:gift":6,"minecraft:potato":14,"minecraft:acacia_planks":27,"minecraft:brown_bed":3,"minecraft:golden_boots":1,"minecraft:wheat_seeds":70,"farmersdelight:iron_knife":38,"twilightforest:naga_trophy":5,"minecraft:water_bucket":11,"minecraft:pink_tulip":1,"minecraft:stone_pickaxe":239,"minecraft:oak_planks":19,"minecraft:pink_banner":1,"minecraft:wooden_pickaxe":17,"minecraft:leather_chestplate":1,"minecraft:chainmail_helmet":1,"minecraft:white_wool":6,"minecraft:salmon":2,"minecraft:yellow_terracotta":2,"minecraft:crafting_table":13,"minecraft:white_bed":7,"minecraft:wooden_hoe":34,"minecraft:acacia_sign":3,"cfm:white_sofa":3,"minecraft:chicken":8,"minecraft:melon_slice":47,"minecraft:bread":4,"minecraft:iron_pickaxe":135,"minecraft:red_terracotta":2,"minecraft:gravel":12,"minecraft:stone_axe":75,"minecraft:enchanted_book":1,"minecraft:cobblestone":10,"minecraft:cooked_porkchop":1,"minecraft:bucket":11,"minecraft:yellow_bed":1,"minecraft:chainmail_leggings":1,"minecraft:bone_meal":1,"minecraft:smooth_stone":1}},"DataVersion":3465}