{"stats":{"minecraft:dropped":{"boh:lifeform_effigy":1,"cfm:spruce_kitchen_drawer":3,"minecraft:iron_sword":4,"minecraft:porkchop":3,"minecraft:glow_ink_sac":1,"minecraft:diamond":7,"minecraft:crafting_table":14,"alexsmobs:kangaroo_meat":3,"minecraft:cooked_porkchop":3,"minecraft:pitcher_pod":17,"minecraft:warped_roots":1,"minecraft:cracked_stone_bricks":60,"minecraft:emerald":8,"twilightforest:firefly":7,"minecraft:dark_oak_fence":2,"minecraft:gold_nugget":6,"minecraft:dark_oak_planks":6,"minecraft:stone_axe":1,"minecraft:iron_nugget":13,"minecraft:cobbled_deepslate":7,"minecraft:tinted_glass":2,"minecraft:black_carpet":2,"butchersdelight:cleaver":4,"butchersdelight:deadsheep":1,"minecraft:wheat":3,"farmersdelight:cabbage":4,"minecraft:rotten_flesh":70,"minecraft:oak_planks":6,"minecraft:azure_bluet":4,"irons_spellbooks:inscription_table":1,"minecraft:acacia_sapling":8,"minecraft:leather_leggings":4,"butchersdelight:hook":1,"minecraft:beef":12,"minecraft:stone_brick_stairs":4,"minecraft:acacia_fence":2,"iceandfire:manuscript":1,"minecraft:wheat_seeds":217,"minecraft:book":1,"mowziesmobs:sol_visage":1,"minecraft:gray_wool":1,"cfm:white_kitchen_sink":1,"minecraft:wooden_axe":1,"minecraft:oak_stairs":4,"butchersdelight:deadpig":1,"minecraft:acacia_planks":6,"minecraft:cocoa_beans":3,"alexscaves:tree_star":1,"minecraft:clay_ball":53,"minecraft:iron_boots":3,"minecraft:name_tag":1,"iceandfire:armor_copper_metal_helmet":1,"minecraft:torchflower_seeds":3,"minecraft:shears":3,"minecraft:cyan_wool":1,"minecraft:flower_pot":1,"minecraft:diamond_pickaxe":1,"minecraft:bamboo":1,"minecraft:sandstone":32,"minecraft:bow":1,"minecraft:magma_block":3,"iceandfire:dragon_skull_lightning":2,"mutantmonsters:mutant_skeleton_skull":1,"minecraft:candle":10,"minecraft:moss_block":102,"minecraft:golden_pickaxe":1,"mowziesmobs:umvuthana_mask_faith":2,"butchersdelight:rack":1,"cfm:black_kitchen_sink":1,"minecraft:cobblestone_stairs":1,"minecraft:mutton":3,"twilightforest:cracked_etched_nagastone":31,"iceandfire:ash":10,"twilightforest:twilight_oak_stairs":11,"mutantmonsters:mutant_skeleton_pelvis":1,"alexscaves:pewen_sapling":5,"minecraft:andesite_slab":2,"minecraft:pointed_dripstone":16,"aether:leather_gloves":1,"minecraft:cooked_mutton":5,"minecraft:acacia_stairs":9,"farmersdelight:cutting_board":1,"minecraft:leather_chestplate":1,"minecraft:beetroot_seeds":5,"minecraft:stone_brick_wall":2,"minecraft:iron_bars":4,"twilightforest:nagastone_pillar":47,"minecraft:bread":2,"cfm:gray_kitchen_counter":16,"minecraft:mangrove_propagule":1,"twilightforest:twilight_oak_slab":4,"minecraft:spruce_stairs":4,"tombstone:grave_key":5,"minecraft:white_concrete":128,"minecraft:stonecutter":1,"minecraft:orange_bed":1,"iceandfire:dragonbone":1,"minecraft:sweet_berries":1,"minecraft:oak_trapdoor":6,"minecraft:light_gray_terracotta":14,"farmersdelight:cabbage_seeds":12,"minecraft:deepslate_bricks":1,"farmersdelight:flint_knife":1,"minecraft:oak_sapling":5,"alexscaves:pine_nuts":1,"minecraft:wooden_pickaxe":1,"minecraft:piston":1,"minecraft:cooked_beef":5,"alexscaves:flytrap":1,"minecraft:orange_tulip":6,"minecraft:rooted_dirt":8,"minecraft:rail":1,"minecraft:leather_helmet":2,"minecraft:dirt":98,"mowziesmobs:umvuthana_mask_bliss":2,"alexsmobs:emu_feather":1,"minecraft:bone_meal":1,"minecraft:iron_pickaxe":2,"cfm:stripped_spruce_kitchen_sink_light":2,"minecraft:bone":17,"alexsmobs:gazelle_horn":1,"minecraft:golden_chestplate":1,"aether:golden_gloves":1,"supplementaries:flax_seeds":19,"twilightforest:cracked_nagastone_pillar":36,"minecraft:charcoal":16,"minecraft:ladder":6,"tombstone:scroll_of_knowledge":1,"farmersdelight:rope":6,"minecraft:white_dye":4,"farmersdelight:tomato_seeds":14,"minecraft:enchanted_book":5,"minecraft:iron_ingot":1,"butchersdelight:sheephide":1,"minecraft:tnt":2,"minecraft:cobblestone":66,"minecraft:feather":5,"minecraft:oak_fence":1,"minecraft:iron_helmet":2,"minecraft:yellow_terracotta":1,"mowziesmobs:umvuthana_mask_fear":1,"minecraft:granite":50,"twilightforest:etched_nagastone":54,"minecraft:spruce_door":3,"minecraft:chainmail_helmet":2,"minecraft:coal":82,"minecraft:polished_andesite":4,"minecraft:oxeye_daisy":10,"iceandfire:copper_nugget":2,"minecraft:wooden_hoe":1,"twilightforest:twilight_oak_planks":44,"minecraft:string":5,"iceandfire:dragon_skull_fire":7,"cfm:spruce_kitchen_counter":4,"minecraft:pink_tulip":4,"minecraft:furnace":6,"minecraft:moss_carpet":11,"alexsmobs:acacia_blossom":2,"minecraft:stone_sword":2,"minecraft:diamond_hoe":1,"minecraft:chicken":1,"farmersdelight:straw":4,"minecraft:pumpkin_seeds":21,"minecraft:big_dripleaf":4,"minecraft:potato":1,"minecraft:cobblestone_slab":1,"minecraft:spider_eye":4,"minecraft:light_gray_dye":2,"minecraft:blue_orchid":3,"farmersdelight:tomato":3,"boh:kindness_flower":1,"minecraft:birch_planks":1,"minecraft:brown_mushroom":1,"minecraft:dark_oak_stairs":2,"iceandfire:chared_dirt":19,"minecraft:orange_carpet":5,"minecraft:cornflower":2,"iceandfire:chared_gravel":6,"usefulbackpacks:backpack_small":1,"minecraft:birch_log":2,"minecraft:gravel":23,"minecraft:white_tulip":2,"minecraft:blackstone":5,"minecraft:mangrove_roots":2,"alexscaves:amber":108,"supplementaries:ash":3,"minecraft:gunpowder":1,"minecraft:melon_seeds":26,"minecraft:azalea":5,"minecraft:arrow":8,"minecraft:written_book":1,"cfm:stripped_spruce_kitchen_sink_dark":2,"minecraft:smithing_table":1,"cfm:gray_kitchen_drawer":8,"twilightforest:liveroot":1,"minecraft:stick":1,"minecraft:magenta_bed":1,"minecraft:torch":3,"twilightforest:spiral_bricks":16,"minecraft:brown_wool":2,"tombstone:grave_dust":1,"minecraft:iron_leggings":2,"minecraft:iron_axe":3,"twilightforest:raven_feather":2,"cfm:stripped_spruce_coffee_table":2,"minecraft:bucket":1,"minecraft:dandelion":4,"minecraft:redstone":1,"alexsmobs:maggot":1,"minecraft:coarse_dirt":16,"minecraft:tuff":19,"minecraft:raw_iron":2,"cfm:white_sofa":3,"minecraft:ender_eye":2,"minecraft:acacia_leaves":2,"twilightforest:mossy_etched_nagastone":18,"iceandfire:copper_sword":1,"mowziesmobs:umvuthana_mask_misery":2,"minecraft:iron_chestplate":2,"minecraft:stone_pickaxe":3},"minecraft:used":{"minecraft:moss_block":61,"farmersdelight:onion_crate":17,"twilightforest:spiral_bricks":2,"alexscaves:limestone_slab":1,"minecraft:poppy":3,"farmersdelight:cabbage_seeds":412,"minecraft:black_carpet":2,"farmersdelight:cabbage":1,"minecraft:rotten_flesh":5,"iceandfire:armor_gray_leggings":1,"minecraft:lily_of_the_valley":7,"minecraft:cocoa_beans":23,"minecraft:azure_bluet":7,"minecraft:lava_bucket":1,"twilightforest:twilight_oak_planks":1656,"farmersdelight:rotten_tomato":10,"minecraft:dark_oak_slab":15,"mowziesmobs:spear":138,"minecraft:bow":35,"minecraft:oak_sapling":4,"cfm:stripped_spruce_kitchen_sink_light":1,"minecraft:acacia_fence":2,"minecraft:damaged_anvil":1,"cfm:spruce_kitchen_sink_light":3,"minecraft:leather_leggings":1,"cfm:spruce_kitchen_drawer":14,"securitycraft:door_indestructible_iron_item":1,"minecraft:blackstone":69,"minecraft:wooden_pickaxe":28,"irons_spellbooks:tarnished_helmet":2,"minecraft:composter":2,"minecraft:glow_berries":6,"minecraft:golden_apple":3,"minecraft:pitcher_pod":2,"minecraft:blast_furnace":2,"minecraft:acacia_leaves":6,"securitycraft:universal_block_remover":1,"minecraft:deepslate_brick_stairs":399,"minecraft:diamond_sword":2321,"farmersdelight:straw_bale":11,"minecraft:birch_log":11,"minecraft:oak_boat":4,"supplementaries:soap":1,"minecraft:oak_trapdoor":4,"minecraft:enchanting_table":1,"iceandfire:armor_copper_metal_leggings":3,"minecraft:armor_stand":2,"minecraft:tinted_glass":4,"cfm:stripped_spruce_coffee_table":8,"minecraft:torch":437,"minecraft:brewing_stand":1,"farmersdelight:flint_knife":52,"minecraft:cod_bucket":1,"butchersdelight:cleaver":10,"mutantmonsters:creeper_shard":289,"minecraft:jungle_log":7,"cfm:gray_kitchen_counter":14,"twilightforest:canopy_fence":7,"farmersdelight:cabbage_crate":2,"minecraft:barrel":1,"minecraft:diamond_chestplate":3,"farmersdelight:tomato_seeds":33,"minecraft:acacia_planks":117,"minecraft:wheat_seeds":607,"farmersdelight:iron_knife":283,"twilightforest:twilight_oak_slab":73,"minecraft:birch_planks":3,"iceandfire:crackled_stone":1,"minecraft:cauldron":2,"mutantmonsters:mutant_skeleton_chestplate":1,"minecraft:deepslate_bricks":838,"iceandfire:chared_dirt":1,"alexscaves:primitive_club":65,"minecraft:polished_deepslate_slab":19,"minecraft:rail":7,"minecraft:campfire":1,"minecraft:white_bed":26,"minecraft:spruce_log":29,"minecraft:diamond_pickaxe":3435,"cfm:white_sofa":24,"minecraft:oak_button":1,"alexsmobs:kangaroo_meat":1,"twilightforest:firefly_jar":4,"minecraft:spruce_trapdoor":23,"minecraft:spruce_sapling":14,"minecraft:cooked_porkchop":123,"minecraft:dandelion":13,"minecraft:diamond_leggings":2,"minecraft:moss_carpet":15,"twilightforest:twilight_oak_door":9,"alexscaves:fiddlehead":3,"twilightforest:twilight_oak_stairs":105,"cfm:stripped_spruce_chair":15,"minecraft:grass":1,"minecraft:jungle_planks":4,"minecraft:obsidian":26,"minecraft:big_dripleaf":1,"tombstone:decorative_grave_simple":3,"minecraft:bricks":2,"minecraft:lantern":2,"minecraft:blue_orchid":8,"minecraft:mossy_cobblestone_slab":1,"alexsmobs:acacia_blossom":2,"minecraft:written_book":6,"minecraft:mangrove_roots":2,"iceandfire:pixie_jar_empty":3,"minecraft:torchflower":5,"minecraft:stone_pickaxe":275,"minecraft:oak_planks":33,"minecraft:sandstone":10,"tombstone:decorative_grave_cross":2,"minecraft:sugar_cane":21,"minecraft:white_wool":1,"waystones:waystone":4,"cfm:stripped_spruce_kitchen_sink_dark":2,"minecraft:dark_oak_log":1,"minecraft:bread":63,"tombstone:grave_key":176,"minecraft:iron_door":4,"iceandfire:dragon_skull_fire":1,"minecraft:cooked_rabbit":1,"minecraft:coarse_dirt":31,"minecraft:bone_meal":89,"twilightforest:canopy_planks":2,"minecraft:rose_bush":2,"iceandfire:podium_oak":7,"minecraft:white_tulip":16,"minecraft:flint_and_steel":4,"mowziesmobs:umvuthana_mask_misery":6,"cfm:spruce_kitchen_counter":16,"farmersdelight:rich_soil":97,"minecraft:cooked_chicken":8,"iceandfire:armor_copper_metal_boots":2,"minecraft:dirt":471,"alexscaves:limestone":119,"minecraft:golden_chestplate":1,"farmersdelight:rope":81,"supplementaries:jar":1,"minecraft:brown_terracotta":3,"minecraft:wooden_axe":27,"minecraft:oak_stairs":3,"minecraft:iron_boots":10,"minecraft:pitcher_plant":3,"minecraft:cooked_beef":50,"minecraft:iron_leggings":4,"minecraft:quartz_bricks":1,"minecraft:cobblestone_stairs":1,"farmersdelight:skillet":6,"minecraft:baked_potato":29,"minecraft:brown_mushroom":39,"minecraft:spruce_sign":3,"alexscaves:curly_fern":10,"minecraft:red_mushroom":18,"farmersdelight:smoked_ham":34,"minecraft:piston":1,"minecraft:wooden_hoe":45,"minecraft:flower_pot":12,"minecraft:chicken":1,"iceandfire:ash":2,"mowziesmobs:sol_visage":1,"minecraft:stone_axe":233,"minecraft:pink_petals":2,"iceandfire:chared_gravel":1,"alexsmobs:animal_dictionary":1,"minecraft:birch_stairs":1,"alexsmobs:emu_egg":1,"irons_spellbooks:inscription_table":6,"minecraft:beetroot":12,"minecraft:spruce_slab":21,"minecraft:ladder":7,"minecraft:chest":25,"alexscaves:primal_magma":9,"mowziesmobs:umvuthana_mask_bliss":5,"securitycraft:reinforced_deepslate_bricks":319,"alexscaves:ambersol":5,"minecraft:allium":1,"minecraft:acacia_sapling":6,"supplementaries:planter":7,"minecraft:stripped_spruce_log":45,"minecraft:grass_block":1,"boh:dvdburner":1,"minecraft:birch_sapling":6,"minecraft:polished_andesite_stairs":1,"minecraft:stone_brick_stairs":23,"supplementaries:bomb_blue":1,"mutantmonsters:hulk_hammer":80,"minecraft:sweet_berries":15,"supplementaries:ash":6,"minecraft:furnace":12,"minecraft:egg":2,"minecraft:potato":132,"mowziesmobs:foliaath_seed":3,"minecraft:spruce_door":6,"minecraft:orange_tulip":14,"butchersdelight:skullcow":18,"minecraft:sand":21,"farmersdelight:rice":18,"minecraft:black_concrete_powder":99,"mutantmonsters:mutant_skeleton_skull":1,"minecraft:pumpkin_seeds":18,"cfm:gray_kitchen_drawer":13,"minecraft:lectern":7,"twilightforest:mushgloom":1,"minecraft:lilac":1,"minecraft:wooden_sword":61,"securitycraft:reinforced_deepslate_brick_stairs":98,"minecraft:stone_sword":98,"minecraft:acacia_log":14,"alexscaves:amber_monolith":12,"minecraft:netherrack":4,"minecraft:orange_bed":3,"iceandfire:copper_sword":26,"boh:analog_television":1,"minecraft:iron_axe":1733,"minecraft:rooted_dirt":4,"iceandfire:copper_axe":394,"minecraft:totem_of_undying":2,"minecraft:melon_seeds":16,"minecraft:tall_grass":1,"cfm:fridge_light":1,"minecraft:iron_trapdoor":1,"farmersdelight:cooking_pot":1,"tombstone:gift":15,"iceandfire:armor_gray_chestplate":1,"minecraft:cobbled_deepslate":145,"minecraft:pointed_dripstone":3,"minecraft:water_bucket":131,"farmersdelight:tomato_crate":7,"iceandfire:dragon_skull_lightning":10,"securitycraft:scanner_door_item":1,"minecraft:cracked_stone_bricks":31,"twilightforest:twilight_oak_sapling":33,"minecraft:orange_carpet":8,"minecraft:oak_slab":17,"minecraft:crafting_table":51,"minecraft:oak_log":11,"minecraft:cornflower":7,"minecraft:oxeye_daisy":20,"minecraft:sunflower":1,"minecraft:iron_pickaxe":1921,"minecraft:chiseled_stone_bricks":2,"minecraft:cobblestone":323,"farmersdelight:egg_sandwich":1,"mowziesmobs:umvuthana_mask_fury":2,"minecraft:glass_pane":65,"alexscaves:flytrap":4,"minecraft:candle":9,"minecraft:iron_shovel":853,"minecraft:diamond_hoe":121,"farmersdelight:stove":3,"minecraft:shield":26,"butchersdelight:hook":26,"minecraft:iron_sword":1493,"minecraft:iron_chestplate":4,"alexscaves:flood_basalt":7,"minecraft:carrot":168,"minecraft:tuff":74,"minecraft:polished_deepslate_stairs":1,"minecraft:glass":24,"minecraft:cyan_terracotta":14,"mowziesmobs:umvuthana_mask_faith":2,"iceandfire:lightning_lily":1,"alexscaves:limestone_pillar":4,"minecraft:packed_mud":2,"cfm:stripped_spruce_bedside_cabinet":6,"alexscaves:amber":2,"minecraft:dark_oak_wood":4,"minecraft:iron_helmet":5,"minecraft:gray_concrete_powder":8,"alexscaves:pewen_log":1,"minecraft:stone_bricks":175,"iceandfire:earplugs":2,"minecraft:red_carpet":1,"farmersdelight:cutting_board":5,"minecraft:hay_block":13,"minecraft:scaffolding":21,"minecraft:gray_bed":5,"minecraft:beetroot_seeds":298,"iceandfire:podium_acacia":2,"farmersdelight:organic_compost":146,"alexscaves:cave_book":1,"minecraft:light_gray_terracotta":1,"minecraft:dripstone_block":2,"minecraft:stone_brick_wall":9,"minecraft:shears":7,"iceandfire:armor_copper_metal_chestplate":3,"minecraft:string":1,"butchersdelight:roaster":1,"minecraft:gravel":8,"twilightforest:twilight_oak_boat":8,"minecraft:torchflower_seeds":3,"minecraft:grindstone":1,"minecraft:andesite":1,"minecraft:white_concrete":5,"minecraft:tropical_fish_bucket":1,"minecraft:golden_pickaxe":112,"minecraft:azalea":3,"farmersdelight:diamond_knife":1226,"minecraft:stone_shovel":131,"cfm:stripped_spruce_table":29,"farmersdelight:carrot_crate":2,"minecraft:cobblestone_wall":3,"minecraft:granite":134,"minecraft:dark_oak_planks":2,"minecraft:red_tulip":1,"minecraft:bookshelf":60,"alexscaves:spelunkery_table":4,"iceandfire:armor_copper_metal_helmet":7,"minecraft:cooked_mutton":89,"minecraft:acacia_boat":3,"tombstone:scroll_of_knowledge":1,"minecraft:pink_tulip":17,"iceandfire:fire_dragon_flesh":1,"cfm:black_kitchen_sink":5,"minecraft:polished_andesite":12,"minecraft:stonecutter":4,"farmersdelight:onion":179,"minecraft:terracotta":5,"minecraft:painting":57,"minecraft:book":2,"minecraft:smoker":13,"tombstone:bag_of_seeds":18,"minecraft:acacia_stairs":8,"minecraft:apple":7,"twilightforest:naga_leggings":2,"minecraft:fishing_rod":11,"minecraft:bucket":148,"minecraft:polished_blackstone_button":1,"butchersdelight:rack":15,"iceandfire:lectern":4},"minecraft:picked_up":{"alexscaves:tough_hide":2,"twilightforest:naga_trophy":1,"minecraft:smithing_table":1,"minecraft:lead":2,"farmersdelight:rice_panicle":41,"minecraft:enchanted_book":5,"minecraft:string":162,"twilightforest:time_fence":4,"minecraft:diamond_leggings":1,"alexsmobs:emu_feather":7,"cfm:stripped_spruce_chair":11,"minecraft:big_dripleaf":5,"minecraft:acacia_log":102,"twilightforest:cracked_etched_nagastone":40,"minecraft:golden_chestplate":2,"minecraft:cauldron":2,"minecraft:orange_bed":4,"iceandfire:lightning_lily":1,"minecraft:stone_sword":2,"farmersdelight:onion":560,"cfm:gray_kitchen_counter":14,"minecraft:red_tulip":2,"farmersdelight:rope":35,"minecraft:white_terracotta":2,"supplementaries:quiver":1,"supplementaries:ash":97,"cfm:black_kitchen_sink":4,"minecraft:iron_bars":6,"farmersdelight:rice":48,"minecraft:feather":86,"minecraft:cooked_beef":1,"minecraft:water_bucket":3,"minecraft:brown_wool":6,"minecraft:flint":14,"farmersdelight:carrot_crate":2,"farmersdelight:tomato":337,"minecraft:lantern":3,"twilightforest:twilight_oak_slab":36,"minecraft:stonecutter":4,"minecraft:rabbit":1,"iceandfire:dragon_skull_fire":10,"minecraft:stripped_spruce_log":125,"iceandfire:lightning_dragon_heart":1,"minecraft:acacia_stairs":9,"minecraft:polished_andesite":16,"twilightforest:canopy_planks":2,"twilightforest:twilight_oak_door":9,"iceandfire:crackled_stone":1,"iceandfire:lectern":4,"minecraft:granite":241,"minecraft:rooted_dirt":12,"iceandfire:raw_silver":54,"minecraft:diamond_pickaxe":1,"iceandfire:dragon_skull_lightning":14,"alexscaves:primal_magma":9,"minecraft:leather_leggings":4,"minecraft:clay_ball":365,"minecraft:golden_pickaxe":1,"minecraft:cornflower":9,"supplementaries:planter":1,"minecraft:iron_shovel":2,"butchersdelight:deadrabbitbrown":1,"cfm:stripped_spruce_table":17,"twilightforest:naga_scale":23,"minecraft:poppy":6,"minecraft:spruce_slab":9,"alexscaves:amber_monolith":12,"minecraft:birch_sapling":11,"minecraft:piston":2,"cfm:white_sofa":21,"reliquary:rib_bone":3,"alexscaves:cycad":5,"farmersdelight:cabbage_crate":2,"farmersdelight:tomato_seeds":22,"mutantmonsters:creeper_shard":1,"minecraft:diamond_chestplate":3,"butchersdelight:deadsheep":54,"minecraft:hay_block":41,"minecraft:yellow_terracotta":1,"minecraft:totem_of_undying":4,"minecraft:mutton":201,"minecraft:rail":8,"minecraft:oxeye_daisy":31,"farmersdelight:straw_bale":8,"minecraft:torchflower":6,"minecraft:packed_mud":2,"farmersdelight:skillet":5,"alexscaves:ambersol":5,"farmersdelight:flint_knife":2,"butchersdelight:deadchiken":27,"alexscaves:pewen_sapling":5,"twilightforest:liveroot":2,"cfm:gray_kitchen_drawer":13,"mowziesmobs:foliaath_seed":3,"minecraft:stone_pickaxe":2,"tombstone:bag_of_seeds":6,"minecraft:gray_bed":5,"minecraft:polished_andesite_stairs":1,"iceandfire:copper_nugget":65,"twilightforest:nagastone_pillar":47,"mowziesmobs:clawed_log":1,"minecraft:sweet_berries":40,"tombstone:decorative_grave_simple":1,"twilightforest:cracked_nagastone_pillar":36,"minecraft:leather_helmet":1,"tombstone:scroll_of_knowledge":2,"minecraft:painting":45,"twilightforest:spiral_bricks":18,"minecraft:black_carpet":4,"minecraft:yellow_wool":1,"boh:spinel":57,"minecraft:stone_brick_stairs":27,"alexsmobs:gazelle_horn":4,"minecraft:experience_bottle":1,"reliquary:zombie_heart":10,"minecraft:bucket":1,"minecraft:white_tulip":20,"minecraft:rose_bush":1,"minecraft:azalea":8,"minecraft:iron_pickaxe":4,"irons_spellbooks:inscription_table":7,"iceandfire:dragonscales_red":18,"twilightforest:firefly_jar":3,"alexscaves:flytrap":4,"minecraft:acacia_fence":4,"minecraft:polished_deepslate_stairs":1,"alexscaves:limestone_pillar":4,"minecraft:spruce_stairs":4,"aether:golden_gloves":2,"cfm:stripped_spruce_coffee_table":2,"farmersdelight:tomato_crate":7,"minecraft:rotten_flesh":510,"alexsmobs:emu_egg":6,"minecraft:mangrove_roots":4,"reliquary:mob_charm_fragment":2,"minecraft:obsidian":37,"minecraft:deepslate_brick_stairs":127,"minecraft:cobblestone":1123,"minecraft:pink_petals":2,"minecraft:leather_chestplate":2,"farmersdelight:onion_crate":17,"minecraft:lilac":1,"twilightforest:twilight_oak_log":256,"minecraft:andesite":1,"minecraft:orange_carpet":13,"minecraft:potato":401,"alexscaves:cave_book":3,"minecraft:dirt":1067,"iceandfire:dragonscales_bronze":23,"minecraft:name_tag":2,"minecraft:glass":19,"minecraft:bone":231,"farmersdelight:iron_knife":2,"minecraft:acacia_planks":167,"minecraft:bow":4,"minecraft:wheat_seeds":803,"minecraft:orange_tulip":18,"farmersdelight:pumpkin_slice":64,"minecraft:grindstone":1,"securitycraft:reinforced_deepslate_brick_stairs":98,"minecraft:bamboo":18,"minecraft:grass_block":1,"farmersdelight:ham":54,"minecraft:mossy_cobblestone":1,"minecraft:light_gray_terracotta":9,"twilightforest:twilight_oak_sapling":33,"cfm:spruce_kitchen_sink_light":1,"waystones:waystone":5,"minecraft:crossbow":3,"minecraft:bone_meal":34,"minecraft:golden_apple":1,"minecraft:emerald":37,"butchersdelight:hook":18,"minecraft:netherrack":4,"minecraft:andesite_slab":3,"minecraft:azure_bluet":13,"minecraft:ladder":16,"minecraft:brown_mushroom":116,"minecraft:pink_wool":1,"minecraft:stone_brick_wall":10,"alexscaves:flood_basalt":7,"minecraft:shield":2,"minecraft:oak_trapdoor":4,"minecraft:moss_carpet":27,"minecraft:blackstone":79,"minecraft:blue_orchid":7,"farmersdelight:straw":291,"minecraft:lime_wool":1,"iceandfire:dragonscales_gray":40,"twilightforest:etched_nagastone":54,"minecraft:pink_tulip":22,"mutantmonsters:mutant_skeleton_rib":10,"farmersdelight:rich_soil":108,"minecraft:basalt":1,"minecraft:leather":117,"minecraft:yellow_bed":1,"minecraft:cobblestone_wall":3,"minecraft:gunpowder":9,"butchersdelight:rack":12,"alexscaves:amber":123,"twilightforest:twilight_oak_planks":658,"minecraft:cooked_mutton":1,"minecraft:red_carpet":1,"boh:kindness_flower":1,"minecraft:rabbit_hide":1,"minecraft:iron_ingot":30,"alexscaves:curly_fern":10,"iceandfire:fire_dragon_flesh":15,"minecraft:emerald_block":1,"iceandfire:ash":9,"minecraft:dandelion":23,"alexscaves:tree_star":1,"irons_spellbooks:blood_staff":1,"minecraft:amethyst_shard":6,"minecraft:spruce_door":9,"butchersdelight:sheephide":63,"minecraft:pumpkin_seeds":20,"minecraft:terracotta":133,"minecraft:damaged_anvil":1,"minecraft:dark_oak_wood":4,"farmersdelight:stove":1,"iceandfire:chared_gravel":1,"minecraft:sunflower":1,"minecraft:iron_chestplate":2,"minecraft:flower_pot":8,"minecraft:diamond_sword":2,"minecraft:oak_stairs":3,"alexscaves:trilocaris_tail":16,"farmersdelight:cutting_board":4,"iceandfire:manuscript":2,"iceandfire:podium_oak":6,"butchersdelight:cleaver":5,"minecraft:beetroot":103,"minecraft:gold_nugget":1282,"minecraft:cobbled_deepslate":1201,"minecraft:spruce_planks":13,"minecraft:written_book":5,"irons_spellbooks:blank_rune":2,"minecraft:coal_block":17,"minecraft:melon_slice":175,"minecraft:golden_helmet":1,"minecraft:composter":2,"iceandfire:lightning_dragon_flesh":8,"alexsmobs:centipede_leg":1,"minecraft:rabbit_foot":2,"mutantmonsters:mutant_skeleton_pelvis":3,"twilightforest:twilight_oak_stairs":28,"minecraft:light_blue_wool":1,"iceandfire:fire_dragon_heart":6,"minecraft:cyan_terracotta":11,"minecraft:birch_log":39,"minecraft:magma_block":9,"minecraft:mossy_cobblestone_slab":1,"minecraft:iron_door":6,"minecraft:jungle_log":7,"minecraft:acacia_leaves":8,"minecraft:smoker":12,"butchersdelight:deadpig":45,"minecraft:magenta_bed":2,"minecraft:gray_concrete":8,"cfm:spruce_kitchen_counter":4,"minecraft:moss_block":139,"minecraft:pitcher_pod":5,"cfm:white_kitchen_sink":1,"twilightforest:mushgloom":1,"alexscaves:amber_curiosity":1,"butchersdelight:skullcow":33,"iceandfire:shiny_scales":1,"twilightforest:canopy_log":2,"minecraft:ink_sac":38,"minecraft:dark_oak_log":25,"minecraft:barrel":1,"minecraft:bundle":11,"minecraft:quartz_bricks":1,"alexsmobs:kangaroo_hide":9,"minecraft:black_concrete_powder":3,"minecraft:chainmail_helmet":2,"minecraft:bread":2,"alexsmobs:maggot":2,"minecraft:dark_oak_fence":2,"minecraft:bricks":2,"minecraft:coarse_dirt":87,"minecraft:crafting_table":43,"irons_spellbooks:tarnished_helmet":4,"alexscaves:fiddlehead":3,"butchersdelight:dead_cow":43,"minecraft:cracked_stone_bricks":99,"iceandfire:bestiary":2,"usefulbackpacks:backpack_small":1,"minecraft:beef":146,"securitycraft:reinforced_deepslate_bricks":319,"minecraft:cyan_wool":1,"minecraft:iron_nugget":38,"minecraft:chest":6,"minecraft:egg":11,"minecraft:sandstone":38,"minecraft:polished_deepslate_slab":23,"securitycraft:reinforced_cobblestone":8,"minecraft:carrot":506,"minecraft:redstone":204,"twilightforest:firefly":15,"mowziesmobs:umvuthana_mask_faith":8,"minecraft:tnt":4,"minecraft:beetroot_seeds":291,"minecraft:shears":5,"minecraft:deepslate_bricks":515,"mowziesmobs:umvuthana_mask_bliss":7,"minecraft:gold_ingot":14,"tombstone:essence_of_undeath":3,"minecraft:glow_berries":13,"cfm:spatula":1,"minecraft:white_wool":98,"alexsmobs:kangaroo_meat":15,"alexscaves:pewen_log":1,"alexsmobs:acacia_blossom":4,"minecraft:red_mushroom":65,"minecraft:oak_log":47,"minecraft:golden_boots":1,"mutantmonsters:mutant_skeleton_limb":15,"twilightforest:twilight_oak_boat":6,"tombstone:gift":1,"farmersdelight:organic_compost":35,"minecraft:stone_bricks":237,"iceandfire:pixie_jar_empty":2,"alexscaves:cooked_dinosaur_chop":4,"minecraft:glass_bottle":2,"minecraft:iron_sword":10,"minecraft:dark_oak_slab":15,"minecraft:gravel":215,"minecraft:birch_stairs":1,"minecraft:spruce_sapling":4,"minecraft:spruce_log":64,"iceandfire:dragonscales_copper":62,"minecraft:purple_glazed_terracotta":3,"minecraft:stone_axe":1,"twilightforest:raven_feather":2,"alexscaves:pine_nuts":1,"minecraft:gray_wool":1,"minecraft:warped_roots":1,"minecraft:melon_seeds":21,"minecraft:mangrove_propagule":1,"minecraft:ender_pearl":3,"irons_spellbooks:scroll":5,"minecraft:wheat":109,"minecraft:iron_trapdoor":1,"iceandfire:armor_copper_metal_chestplate":1,"tombstone:grave_key":1,"mowziesmobs:spear":1,"mutantmonsters:mutant_skeleton_skull":4,"minecraft:raw_copper":219,"minecraft:iron_leggings":3,"minecraft:armor_stand":2,"irons_spellbooks:arcane_essence":104,"farmersdelight:cabbage":158,"farmersdelight:cabbage_seeds":430,"minecraft:iron_boots":1,"minecraft:furnace":17,"minecraft:stick":123,"minecraft:brown_terracotta":3,"farmersdelight:rotten_tomato":16,"mowziesmobs:sol_visage":4,"minecraft:torch":172,"alexscaves:heavy_bone":2,"minecraft:porkchop":211,"tombstone:grave_dust":99,"minecraft:pointed_dripstone":21,"mutantmonsters:hulk_hammer":2,"alexscaves:limestone_slab":1,"farmersdelight:fried_egg":2,"supplementaries:antique_ink":3,"mutantmonsters:mutant_skeleton_shoulder_pad":2,"minecraft:nautilus_shell":1,"twilightforest:twilight_oak_wood":14,"minecraft:tuff":96,"supplementaries:flax_seeds":14,"minecraft:acacia_boat":2,"minecraft:lapis_lazuli":151,"minecraft:leather_boots":1,"minecraft:raw_gold":26,"minecraft:cobbled_deepslate_slab":1,"minecraft:oak_planks":39,"cfm:stripped_spruce_kitchen_sink_dark":2,"minecraft:black_terracotta":64,"minecraft:cooked_porkchop":1,"cfm:stripped_spruce_bedside_cabinet":4,"minecraft:poisonous_potato":2,"butchersdelight:cow_hide":22,"cfm:stripped_spruce_kitchen_sink_light":1,"minecraft:sand":209,"minecraft:lily_of_the_valley":10,"twilightforest:mossy_etched_nagastone":18,"minecraft:black_concrete":96,"minecraft:diamond":73,"minecraft:polished_blackstone_button":1,"minecraft:white_concrete":705,"minecraft:oak_sapling":14,"twilightforest:torchberries":1,"minecraft:cocoa_beans":21,"minecraft:allium":15,"minecraft:charcoal":22,"minecraft:chicken":28,"minecraft:wooden_pickaxe":3,"minecraft:gold_block":1,"aether:leather_gloves":1,"minecraft:iron_axe":7,"minecraft:item_frame":19,"alexscaves:dinosaur_chop":4,"reliquary:chelicerae":2,"minecraft:candle":20,"minecraft:oak_boat":4,"minecraft:player_head":3,"iceandfire:podium_acacia":2,"minecraft:sugar_cane":38,"bossominium:vex_wing":9,"minecraft:light_gray_wool":1,"minecraft:lectern":7,"minecraft:tinted_glass":5,"minecraft:spruce_trapdoor":23,"minecraft:raw_iron":234,"iceandfire:dragonbone":164,"iceandfire:dragonscales_green":46,"twilightforest:canopy_fence":7,"minecraft:arrow":91,"cfm:spruce_kitchen_drawer":9,"iceandfire:chared_dirt":4,"alexscaves:spelunkery_table":4,"minecraft:saddle":2,"mowziesmobs:umvuthana_mask_fury":1,"minecraft:air":3,"minecraft:glow_ink_sac":3,"minecraft:birch_planks":10,"alexscaves:limestone":180,"minecraft:cobblestone_stairs":1,"minecraft:acacia_sapling":18,"mowziesmobs:umvuthana_mask_misery":9,"minecraft:book":335,"minecraft:oak_slab":4,"minecraft:scaffolding":20,"minecraft:pumpkin":32,"minecraft:pitcher_plant":3,"minecraft:chiseled_stone_bricks":2,"minecraft:raw_iron_block":2,"minecraft:dripstone_block":3,"minecraft:blast_furnace":1,"minecraft:white_bed":21,"minecraft:spider_eye":12,"minecraft:iron_helmet":2,"minecraft:stripped_jungle_wood":2,"tombstone:magic_scroll":7,"minecraft:black_wool":3,"minecraft:coal":580},"minecraft:mined":{"twilightforest:cracked_etched_nagastone":9,"minecraft:white_bed":18,"iceandfire:copper_pile":12,"alexscaves:limestone":209,"minecraft:granite":191,"minecraft:acacia_log":84,"twilightforest:nagastone_pillar":25,"minecraft:spawner":26,"minecraft:magma_block":11,"minecraft:fire":19,"minecraft:barrel":1,"minecraft:cobbled_deepslate":24,"twilightforest:twilight_oak_wood":14,"minecraft:deepslate_lapis_ore":15,"cfm:gray_kitchen_drawer":13,"alexscaves:fiddlehead":2,"minecraft:potted_dandelion":1,"iceandfire:gold_pile":108,"farmersdelight:rice_panicles":96,"minecraft:pink_tulip":20,"cfm:white_kitchen_sink":1,"farmersdelight:rich_soil_farmland":11,"minecraft:tripwire":5,"minecraft:orange_bed":3,"minecraft:smoker":12,"minecraft:torch":22,"twilightforest:spiral_bricks":4,"farmersdelight:cabbage_crate":2,"minecraft:melon":33,"minecraft:dead_bush":4,"farmersdelight:cabbages":157,"minecraft:sugar_cane":30,"minecraft:bricks":2,"minecraft:birch_sapling":1,"minecraft:white_terracotta":2,"minecraft:tinted_glass":4,"minecraft:pitcher_plant":2,"twilightforest:twilight_oak_planks":457,"minecraft:grass":2071,"tombstone:decorative_grave_simple":1,"minecraft:smooth_basalt":1,"twilightforest:canopy_log":2,"minecraft:deepslate":1189,"alexscaves:flood_basalt":7,"minecraft:purple_glazed_terracotta":4,"alexscaves:primal_magma":17,"minecraft:mossy_cobblestone":2,"farmersdelight:wild_carrots":22,"minecraft:dark_oak_log":1,"butchersdelight:deadsheepblock":3,"minecraft:dark_oak_fence":2,"minecraft:stripped_jungle_wood":2,"minecraft:redstone_wire":1,"minecraft:red_mushroom":6,"twilightforest:etched_nagastone":10,"farmersdelight:wild_onions":4,"twilightforest:mushgloom":1,"minecraft:redstone_ore":2,"minecraft:packed_mud":2,"citadel:lectern":1,"iceandfire:chared_gravel":1,"twilightforest:canopy_planks":2,"minecraft:andesite":1,"twilightforest:twilight_oak_leaves":72,"minecraft:big_dripleaf_stem":1,"iceandfire:podium_oak":6,"minecraft:cobblestone_slab":2,"minecraft:vine":5,"minecraft:rail":1,"cfm:white_sofa":21,"butchersdelight:skullcow":4,"minecraft:oak_slab":4,"minecraft:birch_stairs":1,"minecraft:lily_of_the_valley":10,"minecraft:dandelion":21,"minecraft:cornflower":7,"alexscaves:flytrap":1,"minecraft:warped_roots":1,"minecraft:campfire":3,"minecraft:tall_grass":133,"minecraft:copper_ore":60,"minecraft:deepslate_gold_ore":26,"farmersdelight:wild_tomatoes":9,"minecraft:coarse_dirt":87,"cfm:stripped_spruce_kitchen_sink_light":1,"minecraft:cobblestone_wall":3,"minecraft:sunflower":1,"minecraft:gravel":226,"minecraft:cobweb":121,"minecraft:brown_terracotta":4,"minecraft:stone_bricks":104,"twilightforest:twilight_oak_door":9,"minecraft:iron_trapdoor":1,"minecraft:fern":8,"farmersdelight:rich_soil":97,"minecraft:farmland":1,"farmersdelight:tomato_crate":7,"minecraft:spruce_trapdoor":23,"minecraft:budding_amethyst":2,"minecraft:white_concrete":1,"minecraft:composter":2,"minecraft:mossy_cobblestone_slab":1,"supplementaries:ash":2,"farmersdelight:wild_rice":7,"minecraft:red_tulip":2,"minecraft:pointed_dripstone":11,"minecraft:iron_bars":6,"alexscaves:ambersol":5,"minecraft:azalea":2,"minecraft:spruce_slab":8,"minecraft:deepslate_redstone_ore":45,"minecraft:medium_amethyst_bud":3,"twilightforest:torchberry_plant":2,"minecraft:light_gray_terracotta":1,"twilightforest:twilight_oak_log":256,"minecraft:oak_planks":33,"minecraft:wall_torch":57,"minecraft:cauldron":1,"cfm:spruce_kitchen_counter":4,"farmersdelight:sandy_shrub":14,"boh:spinel_ore_ore":59,"minecraft:oak_log":37,"minecraft:beetroots":109,"minecraft:dirt":339,"supplementaries:planter":1,"minecraft:mangrove_roots":4,"minecraft:glow_lichen":4,"minecraft:ladder":1,"minecraft:potted_azalea_bush":1,"minecraft:brown_mushroom_block":18,"iceandfire:chared_dirt":1,"minecraft:spruce_leaves":34,"farmersdelight:red_mushroom_colony":12,"minecraft:hay_block":40,"cfm:stripped_spruce_kitchen_sink_dark":2,"alexscaves:limestone_slab":1,"minecraft:nether_sprouts":1,"twilightforest:naga_trophy":1,"minecraft:gold_block":1,"cfm:spruce_kitchen_sink_light":1,"minecraft:bookshelf":111,"twilightforest:firefly_jar":3,"minecraft:deepslate_iron_ore":104,"iceandfire:pixie_jar_empty":2,"minecraft:acacia_leaves":52,"minecraft:scaffolding":8,"minecraft:basalt":1,"twilightforest:twilight_oak_slab":31,"minecraft:quartz_bricks":1,"minecraft:deepslate_coal_ore":120,"twilightforest:mayapple":49,"minecraft:birch_planks":10,"butchersdelight:deadcowblock":1,"iceandfire:ash":2,"minecraft:cocoa":7,"minecraft:cherry_leaves":1,"minecraft:flower_pot":5,"minecraft:cracked_stone_bricks":103,"minecraft:black_terracotta":70,"mowziesmobs:clawed_log":2,"minecraft:obsidian":36,"minecraft:stone_brick_wall":16,"minecraft:jungle_log":7,"minecraft:deepslate_bricks":506,"minecraft:coal_block":16,"minecraft:oxeye_daisy":33,"minecraft:chiseled_stone_bricks":2,"minecraft:tall_seagrass":3,"cfm:spruce_kitchen_drawer":8,"minecraft:pumpkin":32,"minecraft:moss_carpet":4,"minecraft:cave_vines":7,"minecraft:polished_deepslate_slab":31,"minecraft:water_cauldron":1,"minecraft:dirt_path":1,"minecraft:oak_stairs":1,"minecraft:small_amethyst_bud":3,"minecraft:deepslate_brick_stairs":132,"minecraft:blue_orchid":4,"minecraft:piston_head":2,"minecraft:brown_mushroom":22,"alexscaves:amber":96,"minecraft:amethyst_cluster":1,"iceandfire:podium_acacia":2,"minecraft:blast_furnace":1,"minecraft:polished_andesite_stairs":1,"minecraft:glass":25,"minecraft:damaged_anvil":1,"cfm:black_kitchen_sink":4,"minecraft:black_concrete_powder":3,"iceandfire:crackled_stone":1,"minecraft:wheat":84,"minecraft:lilac":1,"minecraft:pumpkin_stem":3,"minecraft:stone_brick_stairs":25,"cfm:gray_kitchen_counter":14,"butchersdelight:hook":14,"twilightforest:twilight_oak_sapling":2,"minecraft:red_mushroom_block":45,"minecraft:stonecutter":4,"minecraft:yellow_terracotta":1,"iceandfire:silver_ore":56,"minecraft:cobbled_deepslate_slab":1,"minecraft:allium":5,"alexscaves:pewen_log":1,"farmersdelight:wild_cabbages":10,"minecraft:moss_block":89,"butchersdelight:deadpigblock":2,"twilightforest:hollow_canopy_log_horizontal":1,"cfm:stripped_spruce_chair":11,"minecraft:potatoes":113,"minecraft:bamboo":3,"irons_spellbooks:inscription_table":8,"minecraft:white_wool":9,"twilightforest:canopy_fence":7,"minecraft:smithing_table":1,"minecraft:gray_concrete":8,"minecraft:hanging_roots":1,"boh:kindness_flower":1,"minecraft:big_dripleaf":1,"farmersdelight:skillet":5,"minecraft:torchflower":6,"minecraft:spruce_log":65,"minecraft:birch_leaves":17,"minecraft:pitcher_crop":2,"alexscaves:cycad":2,"minecraft:dripstone_block":3,"twilightforest:moss_patch":3,"minecraft:acacia_planks":128,"minecraft:large_amethyst_bud":5,"minecraft:spruce_planks":13,"minecraft:cobblestone_stairs":1,"minecraft:cave_vines_plant":14,"minecraft:grass_block":512,"iceandfire:lectern":5,"minecraft:raw_iron_block":2,"minecraft:iron_ore":131,"mutantmonsters:mutant_skeleton_wall_skull":1,"minecraft:azure_bluet":9,"alexscaves:amber_monolith":12,"alexscaves:limestone_pillar":4,"twilightforest:twilight_oak_stairs":20,"farmersdelight:organic_compost":35,"minecraft:blackstone":78,"minecraft:melon_stem":6,"minecraft:polished_deepslate_stairs":1,"minecraft:clay":78,"minecraft:poppy":6,"minecraft:chest":9,"supplementaries:wild_flax":6,"farmersdelight:brown_mushroom_colony":18,"minecraft:mushroom_stem":12,"minecraft:cobblestone":156,"minecraft:grindstone":1,"minecraft:iron_door":6,"minecraft:pink_petals":2,"minecraft:seagrass":7,"minecraft:acacia_sapling":1,"minecraft:birch_log":15,"twilightforest:root":16,"minecraft:orange_tulip":17,"minecraft:acacia_fence":3,"minecraft:sand":179,"minecraft:netherrack":4,"minecraft:oak_leaves":47,"minecraft:emerald_block":1,"cfm:stripped_spruce_coffee_table":2,"iceandfire:lightning_lily":1,"cfm:stripped_spruce_bedside_cabinet":4,"alexscaves:spelunkery_table":4,"minecraft:diamond_ore":2,"minecraft:red_carpet":1,"minecraft:tuff":88,"farmersdelight:onions":159,"minecraft:deepslate_diamond_ore":50,"minecraft:candle":10,"butchersdelight:rack":12,"farmersdelight:tomatoes":16,"minecraft:mangrove_propagule":1,"minecraft:sandstone":15,"minecraft:rooted_dirt":8,"minecraft:large_fern":4,"minecraft:oak_trapdoor":4,"minecraft:furnace":15,"minecraft:carrots":139,"minecraft:acacia_stairs":8,"minecraft:stripped_spruce_log":125,"minecraft:black_concrete":96,"butchersdelight:deadchickenblockskinned":1,"farmersdelight:rope":32,"alexscaves:curly_fern":9,"minecraft:stone":949,"minecraft:white_tulip":19,"minecraft:podzol":43,"supplementaries:book_pile_horizontal":2,"minecraft:spruce_door":4,"minecraft:crafting_table":36,"farmersdelight:straw_bale":8,"minecraft:andesite_slab":2,"minecraft:lectern":6,"farmersdelight:carrot_crate":2,"farmersdelight:onion_crate":17,"minecraft:lapis_ore":1,"supplementaries:urn":39,"minecraft:spruce_stairs":4,"farmersdelight:wild_beetroots":9,"minecraft:sweet_berry_bush":18,"cfm:stripped_spruce_table":17,"minecraft:gray_bed":5,"minecraft:coal_ore":253,"farmersdelight:stove":1,"minecraft:terracotta":133,"minecraft:polished_andesite":19},"minecraft:killed_by":{"minecraft:zombie_villager":1,"irons_spellbooks:pyromancer":1,"iceandfire:siren":1,"minecraft:ravager":1,"twilightforest:kobold":1,"mowziesmobs:umvuthana":1,"minecraft:zombie":70,"boh:ratazana":2,"irons_spellbooks:summoned_skeleton":4,"alexscaves:vallumraptor":2,"mutantmonsters:mutant_skeleton":9,"minecraft:drowned":2,"mowziesmobs:umvuthi":15,"mutantmonsters:creeper_minion":4,"iceandfire:fire_dragon":45,"minecraft:skeleton":45,"iceandfire:lightning_dragon":70,"minecraft:pillager":1,"mowziesmobs:umvuthana_follower_raptor":2,"mutantmonsters:mutant_creeper":3,"minecraft:vindicator":15,"alexsmobs:grizzly_bear":4,"minecraft:vex":3,"alexsmobs:centipede_head":1,"minecraft:evoker":1,"mutantmonsters:mutant_zombie":1,"minecraft:creeper":15,"minecraft:cave_spider":5,"minecraft:player":20,"minecraft:spider":1,"irons_spellbooks:necromancer":9,"mowziesmobs:foliaath":1},"minecraft:broken":{"aether:golden_gloves":2,"twilightforest:naga_leggings":1,"minecraft:iron_leggings":1,"minecraft:diamond_pickaxe":2,"minecraft:wooden_sword":1,"minecraft:diamond_leggings":2,"aether:iron_gloves":2,"minecraft:shield":1,"iceandfire:armor_copper_metal_leggings":2,"minecraft:iron_pickaxe":8,"mutantmonsters:hulk_hammer":1,"minecraft:iron_shovel":4,"minecraft:leather_leggings":1,"minecraft:stone_pickaxe":1,"minecraft:stone_axe":1,"iceandfire:armor_gray_leggings":1,"minecraft:stone_shovel":1,"minecraft:diamond_sword":2,"iceandfire:armor_copper_metal_helmet":2,"minecraft:diamond_chestplate":1,"iceandfire:armor_copper_metal_chestplate":2,"iceandfire:armor_copper_metal_boots":2,"minecraft:golden_boots":1,"minecraft:iron_boots":5,"minecraft:iron_chestplate":2,"mowziesmobs:umvuthana_mask_fury":1,"minecraft:iron_sword":7,"securitycraft:universal_block_reinforcer_lvl1":1,"minecraft:bow":1,"iceandfire:copper_axe":2,"iceandfire:armor_gray_boots":1,"minecraft:stone_sword":1,"mowziesmobs:spear":2,"minecraft:iron_axe":7,"minecraft:iron_helmet":3,"minecraft:golden_helmet":1,"irons_spellbooks:tarnished_helmet":4,"iceandfire:armor_gray_chestplate":1,"minecraft:golden_chestplate":3,"minecraft:leather_chestplate":1,"iceandfire:earplugs":1,"minecraft:golden_pickaxe":3},"minecraft:killed":{"boh:raatma":1,"alexsmobs:centipede_head":1,"boh:rat":1,"minecraft:pillager":7,"minecraft:zombie":513,"alexscaves:trilocaris":15,"iceandfire:lightning_dragon":1,"mutantmonsters:mutant_creeper":2,"minecraft:evoker":5,"minecraft:vindicator":15,"boh:ratazana":9,"iceandfire:cyclops":1,"twilightforest:kobold":13,"minecraft:ravager":1,"mutantmonsters:creeper_minion":10,"twilightforest:bighorn_sheep":11,"minecraft:witch":2,"minecraft:spider":26,"minecraft:silverfish":1,"alexsmobs:grizzly_bear":1,"minecraft:zombie_villager":2,"minecraft:sheep":29,"mowziesmobs:umvuthana_raptor":1,"minecraft:vex":7,"alexsmobs:tasmanian_devil":1,"minecraft:drowned":3,"mowziesmobs:grottol":1,"minecraft:squid":12,"alexsmobs:emu":6,"alexsmobs:gazelle":7,"minecraft:villager":1,"twilightforest:boar":2,"minecraft:cave_spider":8,"minecraft:skeleton":101,"mowziesmobs:umvuthana_crane":24,"mutantmonsters:mutant_skeleton":2,"alexscaves:grottoceratops":2,"minecraft:enderman":6,"boh:lifeform":1,"irons_spellbooks:summoned_skeleton":5,"alexsmobs:kangaroo":10,"irons_spellbooks:necromancer":10,"minecraft:creeper":3,"alexsmobs:fly":2,"alexscaves:vallumraptor":7,"irons_spellbooks:summoned_zombie":8,"iceandfire:fire_dragon":3,"mowziesmobs:umvuthana":10,"minecraft:bat":2,"mowziesmobs:umvuthana_follower_raptor":6,"alexscaves:subterranodon":1,"mutantmonsters:mutant_zombie":2},"minecraft:custom":{"minecraft:interact_with_crafting_table":431,"minecraft:damage_blocked_by_shield":585,"minecraft:play_time":3233053,"minecraft:deaths":368,"minecraft:jump":38495,"tombstone:sneak_grave":15,"tombstone:use_disenchantment":3,"tombstone:undead_killed":646,"minecraft:interact_with_smoker":108,"minecraft:inspect_dispenser":1,"minecraft:interact_with_anvil":1,"minecraft:inspect_hopper":2,"tombstone:raider_killed":30,"minecraft:time_since_rest":8901,"minecraft:swim_one_cm":503130,"minecraft:open_chest":1238,"minecraft:damage_resisted":553,"minecraft:talked_to_villager":40,"minecraft:interact_with_brewingstand":2,"tombstone:villager_killed":1,"minecraft:damage_dealt_resisted":2905,"minecraft:boat_one_cm":1011052,"minecraft:damage_taken":130735,"minecraft:open_barrel":159,"minecraft:leave_game":79,"minecraft:time_since_death":9009,"tombstone:tomb_raiding":2,"minecraft:interact_with_furnace":148,"minecraft:traded_with_villager":26,"minecraft:sleep_in_bed":37,"minecraft:waystone_activated":11,"minecraft:damage_dealt":187380,"minecraft:use_cauldron":1,"minecraft:sneak_time":116534,"minecraft:interact_with_lectern":3,"minecraft:interact_with_blast_furnace":85,"minecraft:total_world_time":3233053,"minecraft:interact_with_stonecutter":30,"minecraft:fly_one_cm":18363898,"minecraft:fall_one_cm":890890,"minecraft:sprint_one_cm":6864551,"minecraft:drop":1028,"minecraft:walk_on_water_one_cm":363663,"minecraft:interact_with_loom":17,"minecraft:player_kills":13,"minecraft:crouch_one_cm":288557,"minecraft:mob_kills":961,"minecraft:climb_one_cm":65199,"minecraft:walk_one_cm":8035021,"tombstone:consume_soul":3,"minecraft:walk_under_water_one_cm":153559,"minecraft:pot_flower":8,"minecraft:damage_absorbed":185,"minecraft:trigger_trapped_chest":5},"minecraft:crafted":{"mutantmonsters:mutant_skeleton_leggings":1,"minecraft:black_dye":26,"minecraft:melon":11,"minecraft:blaze_powder":2,"securitycraft:scanner_door_item":1,"butchersdelight:rack":6,"cfm:white_sofa":6,"iceandfire:armor_copper_metal_chestplate":4,"irons_spellbooks:scroll":1,"farmersdelight:egg_sandwich":1,"cfm:spruce_kitchen_counter":16,"farmersdelight:organic_compost":111,"iceandfire:armor_gray_chestplate":1,"tombstone:white_marble":7,"minecraft:wooden_hoe":1,"minecraft:iron_pickaxe":8,"minecraft:iron_nugget":81,"cfm:spatula":1,"iceandfire:armor_copper_metal_helmet":3,"minecraft:black_concrete_powder":96,"farmersdelight:straw":36,"minecraft:stone_pickaxe":3,"cfm:gray_kitchen_counter":16,"alexscaves:cooked_dinosaur_chop":4,"farmersdelight:rice_bag":1,"minecraft:enchanting_table":1,"iceandfire:pixie_jar_empty":1,"minecraft:acacia_stairs":8,"minecraft:iron_shovel":3,"farmersdelight:diamond_knife":1,"cfm:spruce_kitchen_sink_light":2,"tombstone:bone_needle":1,"minecraft:cooked_chicken":9,"cfm:stripped_spruce_chair":4,"twilightforest:twilight_oak_boat":3,"minecraft:stone":71,"twilightforest:firefly_jar":1,"iceandfire:armor_copper_metal_boots":2,"mutantmonsters:mutant_skeleton_arms":1,"securitycraft:laser_block":2,"minecraft:chest":24,"minecraft:oak_button":1,"twilightforest:naga_leggings":1,"minecraft:bricks":8,"minecraft:ender_eye":1,"iceandfire:manuscript":32,"farmersdelight:stove":2,"farmersdelight:tomato_seeds":13,"cfm:black_kitchen_sink":2,"minecraft:iron_helmet":2,"tombstone:decorative_grave_simple":2,"butchersdelight:cleaver":3,"minecraft:stick":147,"minecraft:iron_ingot":243,"securitycraft:sc_manual":1,"securitycraft:universal_block_reinforcer_lvl1":2,"farmersdelight:potato_crate":23,"iceandfire:dragon_stick":1,"minecraft:furnace":6,"minecraft:blast_furnace":2,"securitycraft:retinal_scanner":1,"minecraft:oak_trapdoor":4,"minecraft:flint_and_steel":1,"mutantmonsters:mutant_skeleton_chestplate":1,"farmersdelight:tomato_crate":27,"iceandfire:silver_ingot":20,"butchersdelight:hook":13,"minecraft:iron_sword":3,"minecraft:acacia_boat":1,"minecraft:jungle_planks":12,"minecraft:white_dye":18,"tombstone:dark_marble":7,"minecraft:stonecutter":1,"minecraft:torch":341,"minecraft:diamond_chestplate":1,"minecraft:smooth_stone":6,"supplementaries:soap":18,"farmersdelight:rope":72,"minecraft:bookshelf":60,"cfm:stripped_spruce_kitchen_sink_light":2,"minecraft:cooked_mutton":93,"minecraft:glass":75,"iceandfire:copper_axe":2,"minecraft:diamond_leggings":1,"minecraft:melon_seeds":8,"mutantmonsters:mutant_skeleton_boots":1,"minecraft:cooked_rabbit":1,"cfm:spruce_kitchen_drawer":8,"iceandfire:armor_gray_boots":1,"minecraft:wooden_shovel":1,"minecraft:emerald":41,"minecraft:cooked_porkchop":123,"farmersdelight:iron_knife":1,"farmersdelight:cabbage_crate":9,"farmersdelight:flint_knife":1,"minecraft:copper_ingot":219,"farmersdelight:smoked_ham":34,"minecraft:hay_block":9,"iceandfire:earplugs":1,"minecraft:campfire":3,"iceandfire:ash":1,"usefulbackpacks:backpack_large":2,"minecraft:gold_ingot":218,"minecraft:light_gray_dye":2,"tombstone:book_of_disenchantment":4,"minecraft:stone_shovel":1,"minecraft:tinted_glass":2,"iceandfire:armor_copper_metal_leggings":3,"minecraft:bone_meal":528,"cfm:gray_kitchen_drawer":8,"cfm:fridge_light":1,"twilightforest:twilight_oak_planks":1080,"farmersdelight:carrot_crate":29,"butchersdelight:roaster":1,"minecraft:ladder":3,"securitycraft:universal_block_remover":1,"minecraft:spruce_slab":12,"farmersdelight:rice":41,"twilightforest:canopy_planks":8,"cfm:stripped_spruce_coffee_table":8,"minecraft:redstone_block":2,"mowziesmobs:spear":2,"minecraft:dark_oak_planks":104,"minecraft:wheat":54,"supplementaries:planter":6,"cfm:stripped_spruce_kitchen_sink_dark":2,"farmersdelight:onion_crate":34,"boh:dvdburner":1,"minecraft:gray_concrete_powder":8,"farmersdelight:cooking_pot":1,"securitycraft:door_indestructible_iron_item":2,"minecraft:wooden_axe":1,"minecraft:oak_stairs":4,"minecraft:iron_leggings":1,"minecraft:white_bed":6,"minecraft:brick":128,"minecraft:oak_planks":152,"farmersdelight:beetroot_crate":3,"usefulbackpacks:backpack_small":2,"minecraft:white_concrete":12,"minecraft:iron_boots":2,"tombstone:grave_key":5,"iceandfire:podium_oak":1,"mutantmonsters:mutant_skeleton_rib_cage":1,"alexscaves:primitive_club":2,"boh:analog_television":1,"minecraft:smoker":2,"supplementaries:rope_arrow":5,"minecraft:oak_slab":6,"iceandfire:diamond_hippogryph_armor":1,"supplementaries:jar":1,"minecraft:crafting_table":24,"minecraft:spruce_planks":220,"minecraft:wooden_pickaxe":3,"minecraft:baked_potato":8,"twilightforest:twilight_oak_slab":48,"minecraft:gold_block":32,"minecraft:birch_planks":56,"minecraft:brewing_stand":1,"iceandfire:copper_sword":1,"farmersdelight:skillet":1,"farmersdelight:cutting_board":2,"minecraft:iron_chestplate":2,"minecraft:diamond_pickaxe":3,"minecraft:charcoal":5,"minecraft:stone_sword":1,"minecraft:shears":4,"minecraft:wooden_sword":1,"minecraft:raw_iron":18,"minecraft:coal":153,"iceandfire:armor_gray_leggings":1,"cfm:stripped_spruce_table":12,"minecraft:stone_button":1,"minecraft:gray_dye":28,"minecraft:glass_pane":80,"minecraft:iron_axe":5,"usefulbackpacks:backpack_medium":2,"minecraft:cooked_beef":54,"minecraft:sugar":17,"cfm:stripped_spruce_bedside_cabinet":2,"minecraft:diamond_sword":1,"minecraft:spruce_sign":3,"twilightforest:twilight_oak_stairs":88,"minecraft:bowl":20,"tombstone:ankh_of_pray":1,"minecraft:bucket":7,"minecraft:stone_axe":2,"minecraft:bread":14,"minecraft:air":0,"tombstone:decorative_grave_cross":2,"minecraft:oak_boat":1,"minecraft:white_wool":13,"minecraft:raw_gold":9,"minecraft:acacia_planks":312,"farmersdelight:straw_bale":7}},"DataVersion":3465}