{"stats":{"minecraft:crafted":{"minecraft:brick":8,"minecraft:oak_planks":116,"minecraft:cooked_chicken":12,"minecraft:cooked_mutton":19,"minecraft:glass":65,"minecraft:diamond_leggings":1,"minecraft:iron_boots":2,"minecraft:chest":4,"minecraft:golden_sword":1,"minecraft:golden_boots":1,"minecraft:wooden_shovel":2,"minecraft:acacia_wood":9,"minecraft:cooked_porkchop":47,"minecraft:crafting_table":20,"minecraft:spruce_planks":20,"minecraft:iron_helmet":1,"minecraft:wooden_pickaxe":1,"minecraft:oak_wood":6,"minecraft:acacia_button":6,"minecraft:birch_planks":40,"farmersdelight:beef_patty":10,"minecraft:iron_chestplate":1,"minecraft:stick":152,"minecraft:iron_ingot":44,"minecraft:iron_pickaxe":2,"minecraft:stone_sword":1,"farmersdelight:cooked_bacon":12,"minecraft:gold_ingot":14,"twilightforest:twilight_oak_door":12,"minecraft:wooden_sword":6,"minecraft:furnace":9,"twilightforest:twilight_oak_planks":532,"minecraft:iron_axe":2,"minecraft:ladder":15,"minecraft:stone_pickaxe":5,"minecraft:cooked_beef":9,"farmersdelight:cooked_mutton_chops":10,"minecraft:diamond_sword":2,"iceandfire:silver_ingot":22,"minecraft:iron_sword":1,"minecraft:cooked_salmon":2,"minecraft:bread":6,"minecraft:white_bed":2,"minecraft:acacia_planks":352,"minecraft:torch":152,"minecraft:diamond_chestplate":1},"minecraft:mined":{"minecraft:white_bed":14,"minecraft:jungle_slab":1,"minecraft:cobblestone_stairs":1,"minecraft:orange_wool":1,"minecraft:granite":1,"minecraft:acacia_log":108,"minecraft:stone_brick_wall":2,"minecraft:grass_block":175,"minecraft:yellow_carpet":2,"minecraft:oxeye_daisy":1,"twilightforest:nagastone_pillar":2,"minecraft:spawner":4,"minecraft:smooth_stone":27,"minecraft:tall_seagrass":3,"minecraft:iron_ore":54,"minecraft:fire":71,"minecraft:moss_carpet":1,"minecraft:azure_bluet":4,"minecraft:lime_stained_glass_pane":3,"iceandfire:gold_pile":13,"minecraft:oak_stairs":2,"twilightforest:naga_wall_trophy":1,"minecraft:green_carpet":1,"minecraft:pink_tulip":2,"minecraft:white_banner":1,"minecraft:blue_orchid":1,"minecraft:player_head":1,"minecraft:orange_bed":6,"twilightforest:twilight_oak_stairs":1,"minecraft:clay":8,"twilightforest:liveroot_block":1,"iceandfire:myrmex_desert_resin_glass":1,"minecraft:torch":5,"twilightforest:twilight_oak_log":150,"minecraft:chest":2,"iceandfire:fire_lily":1,"minecraft:cobblestone":65,"minecraft:oak_planks":5,"minecraft:sugar_cane":2,"minecraft:wall_torch":28,"minecraft:seagrass":3,"minecraft:birch_log":9,"minecraft:wheat":26,"minecraft:orange_tulip":1,"twilightforest:root":3,"twilightforest:twilight_oak_planks":29,"minecraft:stone_brick_stairs":1,"minecraft:grass":757,"minecraft:oak_log":31,"minecraft:acacia_fence":4,"minecraft:sand":31,"minecraft:dirt":141,"minecraft:oak_leaves":34,"iceandfire:lightning_lily":2,"minecraft:red_carpet":3,"twilightforest:time_fence":4,"iceandfire:silver_ore":1,"minecraft:mossy_cobblestone":1,"minecraft:glow_lichen":2,"butchersdelight:deadsheepblock":1,"minecraft:dark_oak_fence":2,"minecraft:jungle_planks":1,"minecraft:acacia_slab":1,"butchersdelight:deadpigblock":4,"minecraft:moss_block":10,"iceandfire:chared_grass":2,"twilightforest:mushgloom":3,"twilightforest:etched_nagastone":1,"minecraft:spore_blossom":1,"minecraft:furnace":4,"twilightforest:naga_trophy":2,"minecraft:acacia_stairs":1,"iceandfire:chared_gravel":4,"twilightforest:twilight_oak_leaves":14,"minecraft:peony":2,"minecraft:vine":4,"butchersdelight:skullcow":2,"irons_spellbooks:inscription_table":2,"minecraft:white_tulip":3,"minecraft:stone":541,"minecraft:cake":3,"minecraft:acacia_leaves":58,"twilightforest:root_strand":4,"minecraft:glass_pane":2,"minecraft:lily_of_the_valley":4,"minecraft:brown_carpet":4,"minecraft:dandelion":2,"boh:kindness_flower":1,"minecraft:crafting_table":14,"minecraft:cornflower":4,"minecraft:cyan_stained_glass_pane":4,"minecraft:rose_bush":1,"minecraft:campfire":4,"minecraft:copper_ore":11,"minecraft:tall_grass":82,"minecraft:quartz_bricks":6,"minecraft:lapis_ore":1,"farmersdelight:wild_tomatoes":1,"minecraft:green_stained_glass_pane":3,"twilightforest:mayapple":20,"butchersdelight:deadchickenblock":3,"supplementaries:urn":1,"minecraft:coarse_dirt":5,"butchersdelight:deadcowblock":3,"minecraft:gray_bed":1,"minecraft:birch_leaves":10,"minecraft:mangrove_leaves":3,"minecraft:yellow_bed":32,"minecraft:coal_ore":207,"minecraft:cobweb":39,"minecraft:cracked_stone_bricks":4,"minecraft:terracotta":61,"minecraft:acacia_planks":32,"minecraft:stone_bricks":5,"twilightforest:twilight_oak_door":3,"minecraft:fern":5,"minecraft:iron_trapdoor":2},"minecraft:custom":{"minecraft:interact_with_crafting_table":152,"minecraft:open_barrel":2,"minecraft:bell_ring":19,"minecraft:leave_game":27,"minecraft:time_since_death":513,"minecraft:damage_resisted":277,"minecraft:sprint_one_cm":4047503,"minecraft:drop":348,"minecraft:talked_to_villager":25,"minecraft:play_time":951449,"minecraft:deaths":109,"tombstone:tomb_raiding":1,"minecraft:jump":24966,"minecraft:walk_on_water_one_cm":309431,"minecraft:interact_with_furnace":189,"minecraft:traded_with_villager":2,"minecraft:interact_with_loom":1,"minecraft:sleep_in_bed":45,"minecraft:waystone_activated":4,"minecraft:damage_dealt":42418,"minecraft:player_kills":24,"minecraft:crouch_one_cm":17967,"tombstone:undead_killed":49,"tombstone:villager_killed":3,"minecraft:interact_with_smoker":11,"minecraft:mob_kills":139,"minecraft:damage_dealt_resisted":453,"minecraft:climb_one_cm":19166,"minecraft:walk_one_cm":2872440,"minecraft:sneak_time":8141,"minecraft:walk_under_water_one_cm":75579,"minecraft:total_world_time":951449,"tombstone:raider_killed":2,"minecraft:interact_with_stonecutter":1,"minecraft:interact_with_grindstone":2,"minecraft:time_since_rest":1,"minecraft:damage_absorbed":528,"minecraft:damage_taken":37195,"minecraft:trigger_trapped_chest":5,"minecraft:swim_one_cm":211024,"minecraft:fly_one_cm":15499999,"minecraft:open_chest":261,"minecraft:fall_one_cm":598563},"minecraft:used":{"minecraft:moss_block":7,"twilightforest:twilight_oak_door":8,"minecraft:ladder":6,"minecraft:chest":8,"minecraft:iron_sword":445,"twilightforest:twilight_oak_stairs":2,"minecraft:rotten_flesh":13,"minecraft:mutton":1,"twilightforest:etched_nagastone":23,"minecraft:glass":20,"mowziesmobs:umvuthana_mask_faith":1,"iceandfire:lightning_lily":2,"boh:dvdburner":1,"twilightforest:twilight_oak_planks":220,"minecraft:stone_bricks":6,"supplementaries:ash":1,"minecraft:furnace":13,"minecraft:cooked_cod":2,"minecraft:acacia_fence":1,"minecraft:potato":10,"twilightforest:naga_trophy":3,"minecraft:stone_pickaxe":462,"minecraft:oak_planks":35,"minecraft:ender_pearl":1,"minecraft:wooden_pickaxe":16,"minecraft:cookie":2,"minecraft:sand":1,"minecraft:bread":54,"farmersdelight:ham":4,"minecraft:gravel":41,"minecraft:diamond_sword":1391,"minecraft:wooden_sword":96,"minecraft:coarse_dirt":3,"minecraft:experience_bottle":10,"minecraft:stone_sword":40,"minecraft:acacia_log":7,"minecraft:spruce_planks":20,"minecraft:cooked_salmon":4,"minecraft:wooden_shovel":91,"twilightforest:cracked_etched_nagastone":9,"minecraft:cooked_chicken":12,"minecraft:orange_bed":7,"minecraft:torch":123,"minecraft:dirt":321,"farmersdelight:flint_knife":6,"minecraft:granite":1,"farmersdelight:beef_patty":2,"boh:analog_television":1,"minecraft:iron_axe":314,"minecraft:iron_boots":2,"minecraft:golden_carrot":1,"tombstone:gift":6,"minecraft:cooked_beef":11,"minecraft:acacia_planks":252,"minecraft:enchanted_golden_apple":12,"minecraft:cooked_mutton":10,"minecraft:birch_planks":25,"minecraft:cracked_stone_bricks":71,"minecraft:terracotta":45,"minecraft:crafting_table":29,"minecraft:cod":3,"minecraft:white_bed":13,"minecraft:apple":2,"farmersdelight:cake_slice":6,"minecraft:iron_pickaxe":644,"farmersdelight:cooked_bacon":3,"minecraft:cobblestone":517,"twilightforest:nagastone_pillar":27,"minecraft:cooked_porkchop":54,"minecraft:yellow_bed":30,"alexsmobs:animal_dictionary":1,"irons_spellbooks:inscription_table":4},"minecraft:dropped":{"minecraft:iron_sword":2,"iceandfire:raw_silver":1,"boh:kindness_flower":1,"butchersdelight:dead_cow":3,"minecraft:birch_planks":7,"minecraft:lapis_lazuli":7,"minecraft:diamond":1,"minecraft:crafting_table":1,"mowziesmobs:umvuthana_mask_faith":9,"minecraft:leather":3,"minecraft:mossy_stone_brick_stairs":5,"minecraft:cracked_stone_bricks":14,"twilightforest:naga_scale":41,"minecraft:red_carpet":4,"minecraft:item_frame":7,"minecraft:dirt":42,"twilightforest:firefly":2,"mowziesmobs:umvuthana_mask_bliss":1,"minecraft:cornflower":2,"minecraft:gold_nugget":7,"minecraft:wooden_sword":3,"twilightforest:cracked_etched_nagastone":11,"minecraft:iron_pickaxe":2,"minecraft:white_wool":16,"butchersdelight:cow_hide":7,"minecraft:bone":18,"minecraft:white_tulip":2,"minecraft:sugar_cane":6,"alexsmobs:gazelle_horn":2,"minecraft:iron_nugget":8,"alexsmobs:animal_dictionary":1,"butchersdelight:deadsheep":1,"minecraft:wheat":32,"minecraft:rotten_flesh":4,"minecraft:oak_planks":8,"minecraft:glowstone_dust":1,"minecraft:azure_bluet":4,"minecraft:white_bed":1,"twilightforest:torchberries":1,"minecraft:carrot":5,"minecraft:acacia_button":6,"supplementaries:ash":17,"twilightforest:cracked_nagastone_pillar":18,"minecraft:stone_brick_wall":2,"minecraft:acacia_sapling":1,"minecraft:arrow":14,"butchersdelight:hook":1,"minecraft:glass":19,"minecraft:stone_brick_stairs":1,"iceandfire:chared_grass":2,"minecraft:oak_leaves":1,"twilightforest:nagastone_pillar":22,"reliquary:zombie_heart":1,"minecraft:egg":6,"minecraft:enchanted_book":1,"minecraft:iron_ingot":10,"minecraft:bread":1,"minecraft:wheat_seeds":153,"twilightforest:canopy_sapling":1,"butchersdelight:sheephide":29,"minecraft:diamond_leggings":1,"minecraft:feather":30,"minecraft:cobblestone":30,"twilightforest:liveroot":1,"twilightforest:twilight_oak_sapling":1,"twilightforest:etched_nagastone":44,"minecraft:coal":1,"minecraft:yellow_carpet":2,"bossominium:the_bossdexium":1,"minecraft:stick":46,"minecraft:polished_andesite":5,"minecraft:oxeye_daisy":4,"irons_spellbooks:scroll":2,"mowziesmobs:sol_visage":1,"butchersdelight:skullcow":6,"twilightforest:time_fence":4,"minecraft:mossy_cobblestone_slab":9,"minecraft:iron_trapdoor":2,"iceandfire:copper_nugget":5,"minecraft:torch":2,"twilightforest:spiral_bricks":88,"tombstone:grave_key":10,"minecraft:rose_bush":2,"twilightforest:twilight_oak_planks":155,"tombstone:grave_dust":8,"minecraft:green_carpet":2,"minecraft:oak_stairs":2,"minecraft:iron_axe":1,"twilightforest:mushgloom":3,"minecraft:string":45,"minecraft:pink_petals":1,"minecraft:dandelion":5,"minecraft:stone_brick_slab":1,"minecraft:moss_carpet":4,"alexsmobs:acacia_blossom":2,"minecraft:coarse_dirt":4,"minecraft:stone_sword":1,"minecraft:raw_copper":4,"minecraft:smooth_stone_slab":49,"minecraft:clay_ball":9,"farmersdelight:straw":2,"minecraft:lily_of_the_valley":4,"minecraft:diamond_sword":2,"twilightforest:mossy_etched_nagastone":18,"minecraft:cobblestone_slab":7,"iceandfire:myrmex_desert_resin_glass":1,"minecraft:shield":1,"farmersdelight:flint_knife":1,"minecraft:allium":1,"minecraft:diamond_chestplate":1,"mowziesmobs:umvuthana_mask_misery":2,"minecraft:peony":1,"minecraft:bundle":2,"minecraft:iron_chestplate":1,"iceandfire:silver_ingot":44,"minecraft:yellow_bed":1,"minecraft:wooden_shovel":1,"minecraft:golden_sword":1,"iceandfire:lectern":1,"minecraft:spider_eye":1,"minecraft:stone_bricks":60,"minecraft:brown_carpet":4,"minecraft:bow":2,"minecraft:blue_orchid":1,"minecraft:stone_pickaxe":2,"minecraft:wooden_pickaxe":3,"twilightforest:twilight_oak_door":3,"minecraft:black_wool":5},"minecraft:killed_by":{"iceandfire:cyclops":1,"minecraft:creeper":2,"alexsmobs:emu":1,"minecraft:ravager":1,"alexsmobs:elephant":3,"mutantmonsters:mutant_creeper":1,"twilightforest:kobold":6,"mowziesmobs:umvuthi":14,"alexsmobs:crocodile":1,"minecraft:cave_spider":1,"iceandfire:ice_dragon":1,"mowziesmobs:umvuthana":3,"minecraft:zombie":8,"iceandfire:fire_dragon":1,"minecraft:player":7,"twilightforest:naga":19,"minecraft:spider":2,"minecraft:enderman":2,"minecraft:iron_golem":2,"minecraft:skeleton":7,"iceandfire:lightning_dragon":4,"alexsmobs:kangaroo":1,"iceandfire:cockatrice":1,"mowziesmobs:umvuthana_raptor":1,"guardvillagers:guard":4},"minecraft:picked_up":{"irons_spellbooks:scroll":1,"minecraft:wheat":44,"minecraft:iron_trapdoor":2,"minecraft:lead":1,"twilightforest:naga_trophy":5,"minecraft:diamond_sword":4,"minecraft:oak_stairs":2,"minecraft:enchanted_book":6,"minecraft:stone_brick_stairs":1,"tombstone:grave_key":2,"alexsmobs:gazelle_horn":2,"minecraft:string":48,"minecraft:raw_copper":42,"minecraft:cooked_salmon":2,"minecraft:smooth_stone_slab":47,"minecraft:armor_stand":1,"twilightforest:time_fence":8,"minecraft:experience_bottle":5,"minecraft:diamond_leggings":1,"minecraft:gold_nugget":167,"minecraft:smooth_stone":27,"reliquary:zombie_heart":2,"minecraft:spruce_planks":4,"minecraft:white_tulip":2,"minecraft:written_book":3,"minecraft:rose_bush":2,"minecraft:cobblestone_slab":7,"minecraft:wooden_shovel":1,"minecraft:iron_pickaxe":3,"irons_spellbooks:inscription_table":3,"minecraft:furnace":4,"minecraft:stick":21,"minecraft:acacia_fence":2,"mowziesmobs:sol_visage":4,"minecraft:torch":68,"minecraft:acacia_log":98,"twilightforest:cracked_etched_nagastone":12,"minecraft:porkchop":29,"minecraft:pointed_dripstone":4,"tombstone:grave_dust":10,"minecraft:golden_chestplate":1,"minecraft:brown_carpet":4,"iceandfire:lightning_lily":2,"minecraft:orange_bed":9,"twilightforest:twilight_oak_stairs":2,"minecraft:rotten_flesh":20,"alexsmobs:emu_egg":4,"supplementaries:ash":16,"minecraft:cobblestone":668,"minecraft:birch_log":10,"minecraft:pink_petals":1,"minecraft:mossy_cobblestone_slab":17,"minecraft:feather":32,"minecraft:cooked_beef":2,"twilightforest:twilight_oak_log":133,"minecraft:potato":8,"butchersdelight:deadpig":26,"farmersdelight:tomato":1,"minecraft:lapis_lazuli":7,"boh:dvdburner":1,"minecraft:dirt":356,"twilightforest:canopy_sapling":2,"minecraft:bone":19,"minecraft:acacia_planks":32,"minecraft:bow":2,"minecraft:orange_tulip":1,"minecraft:wheat_seeds":184,"minecraft:glowstone_dust":1,"minecraft:moss_block":7,"minecraft:oak_planks":5,"minecraft:mossy_stone_brick_stairs":7,"twilightforest:mushgloom":3,"minecraft:cooked_porkchop":5,"butchersdelight:skullcow":6,"butchersdelight:cow_hide":7,"minecraft:sand":30,"minecraft:jungle_planks":1,"minecraft:orange_wool":1,"minecraft:lily_of_the_valley":4,"minecraft:grass_block":1,"minecraft:acacia_stairs":1,"farmersdelight:ham":4,"minecraft:jungle_slab":1,"minecraft:mossy_cobblestone":1,"twilightforest:mossy_etched_nagastone":9,"minecraft:bundle":2,"minecraft:quartz_bricks":6,"farmersdelight:cake_slice":6,"minecraft:polished_andesite":4,"minecraft:yellow_carpet":2,"twilightforest:twilight_oak_door":2,"twilightforest:twilight_oak_sapling":1,"minecraft:diamond":1,"iceandfire:lectern":1,"minecraft:granite":1,"minecraft:emerald":11,"alexsmobs:maggot":1,"butchersdelight:hook":1,"minecraft:dark_oak_fence":2,"twilightforest:torchberries":1,"minecraft:oak_leaves":1,"iceandfire:raw_silver":2,"minecraft:charcoal":8,"minecraft:coarse_dirt":9,"minecraft:crafting_table":13,"minecraft:allium":1,"minecraft:azure_bluet":4,"minecraft:chicken":15,"minecraft:clay_ball":9,"minecraft:wooden_pickaxe":2,"minecraft:stone_brick_wall":2,"minecraft:acacia_button":4,"minecraft:cornflower":3,"minecraft:moss_carpet":4,"minecraft:iron_axe":1,"minecraft:wooden_sword":1,"minecraft:item_frame":8,"minecraft:blue_orchid":1,"butchersdelight:dead_cow":10,"minecraft:cracked_stone_bricks":66,"minecraft:beef":8,"farmersdelight:straw":1,"minecraft:player_head":2,"twilightforest:naga_scale":41,"minecraft:iron_nugget":8,"minecraft:sugar_cane":6,"minecraft:chest":4,"minecraft:egg":6,"minecraft:raw_iron":54,"iceandfire:chared_grass":2,"farmersdelight:tomato_seeds":1,"twilightforest:firefly":2,"mowziesmobs:umvuthana_mask_faith":14,"iceandfire:silver_ingot":22,"minecraft:arrow":15,"butchersdelight:deadsheep":20,"minecraft:diamond_chestplate":1,"minecraft:peony":1,"twilightforest:etched_nagastone":41,"minecraft:deepslate_bricks":1,"mowziesmobs:umvuthana_mask_bliss":7,"minecraft:saddle":1,"minecraft:gold_ingot":5,"minecraft:mutton":23,"minecraft:white_wool":33,"minecraft:oxeye_daisy":4,"minecraft:salmon":6,"minecraft:leather":4,"alexsmobs:acacia_blossom":1,"iceandfire:myrmex_desert_resin_glass":1,"minecraft:birch_planks":12,"minecraft:oak_log":31,"minecraft:yellow_bed":34,"minecraft:cobblestone_stairs":1,"farmersdelight:flint_knife":2,"minecraft:white_banner":1,"twilightforest:twilight_oak_planks":73,"butchersdelight:deadchiken":7,"twilightforest:liveroot":1,"minecraft:cooked_mutton":1,"minecraft:red_carpet":4,"minecraft:apple":4,"minecraft:stone_bricks":72,"boh:kindness_flower":2,"minecraft:spore_blossom":1,"minecraft:iron_ingot":6,"minecraft:stone_pickaxe":3,"minecraft:gray_bed":1,"mowziesmobs:umvuthana_mask_misery":3,"minecraft:iron_sword":2,"minecraft:acacia_sapling":2,"iceandfire:copper_nugget":5,"twilightforest:nagastone_pillar":35,"minecraft:chiseled_stone_bricks":14,"minecraft:stone_brick_slab":1,"minecraft:dandelion":5,"minecraft:gravel":4,"twilightforest:cracked_nagastone_pillar":9,"minecraft:white_bed":13,"minecraft:green_carpet":3,"minecraft:spider_eye":1,"butchersdelight:sheephide":27,"minecraft:slime_ball":1,"minecraft:iron_helmet":1,"minecraft:painting":1,"mowziesmobs:umvuthana_mask_fear":3,"minecraft:terracotta":58,"twilightforest:spiral_bricks":85,"minecraft:black_wool":5,"iceandfire:chared_gravel":4,"minecraft:coal":295,"minecraft:ender_pearl":2},"minecraft:broken":{"minecraft:golden_boots":1,"minecraft:iron_boots":1,"minecraft:iron_leggings":1,"minecraft:stone_pickaxe":2,"minecraft:diamond_leggings":1},"minecraft:killed":{"guardvillagers:guard":3,"minecraft:cave_spider":2,"mowziesmobs:umvuthi":2,"minecraft:spider":2,"minecraft:skeleton":18,"mowziesmobs:umvuthana_crane":1,"alexsmobs:kangaroo":1,"minecraft:salmon":5,"twilightforest:raven":1,"twilightforest:skeleton_druid":4,"minecraft:sheep":20,"minecraft:zombie":27,"alexsmobs:terrapin":1,"minecraft:vindicator":1,"minecraft:horse":2,"twilightforest:naga":2,"mowziesmobs:umvuthana":9,"twilightforest:kobold":27,"mowziesmobs:umvuthana_follower_raptor":1,"minecraft:ravager":1,"alexsmobs:gazelle":3,"minecraft:villager":3,"minecraft:enderman":3}},"DataVersion":3465}