{"stats":{"minecraft:crafted":{"minecraft:oak_planks":44,"tombstone:grave_key":1,"alexsmobs:cooked_catfish":2,"minecraft:magenta_dye":1,"minecraft:golden_boots":1,"minecraft:crafting_table":8,"minecraft:wooden_pickaxe":3,"minecraft:iron_chestplate":1,"minecraft:stick":44,"minecraft:iron_ingot":8,"minecraft:stone_sword":2,"minecraft:furnace":3,"minecraft:iron_axe":1,"minecraft:ladder":3,"minecraft:stone_pickaxe":3,"minecraft:wheat":144,"minecraft:magenta_bed":1,"minecraft:iron_sword":1,"minecraft:cooked_salmon":8,"minecraft:bucket":1,"minecraft:stone_axe":3,"minecraft:acacia_boat":2,"minecraft:bread":110,"minecraft:air":0,"minecraft:oak_boat":1,"minecraft:white_bed":1,"minecraft:acacia_planks":192},"minecraft:mined":{"minecraft:stone_pressure_plate":1,"minecraft:white_bed":2,"minecraft:cobbled_deepslate_stairs":1,"minecraft:acacia_log":54,"minecraft:grass_block":19,"minecraft:deepslate_bricks":2,"minecraft:polished_blackstone_bricks":1,"minecraft:tall_seagrass":6,"farmersdelight:wild_rice":6,"minecraft:iron_ore":11,"minecraft:cobbled_deepslate":1,"twilightforest:twilight_oak_wood":1,"minecraft:pumpkin":1,"minecraft:azure_bluet":1,"minecraft:iron_bars":1,"minecraft:deepslate_brick_stairs":2,"minecraft:green_bed":1,"minecraft:blackstone":2,"minecraft:melon_stem":2,"minecraft:kelp_plant":11,"minecraft:player_wall_head":1,"minecraft:torch":3,"minecraft:poppy":4,"twilightforest:twilight_oak_log":3,"minecraft:dead_bush":1,"farmersdelight:cabbages":3,"minecraft:glass":4,"minecraft:oak_planks":7,"minecraft:wall_torch":5,"minecraft:skeleton_skull":1,"minecraft:seagrass":5,"twilightforest:cicada":1,"minecraft:wheat":221,"minecraft:magenta_bed":2,"minecraft:tnt":2,"minecraft:stone_brick_stairs":2,"minecraft:grass":194,"minecraft:oak_log":11,"minecraft:acacia_fence":1,"minecraft:sand":1,"minecraft:dirt":12,"minecraft:oak_leaves":6,"minecraft:yellow_terracotta":4,"twilightforest:firefly":9,"minecraft:tuff":2,"minecraft:mangrove_wall_sign":4,"butchersdelight:deadsheepblock":1,"minecraft:allium":1,"minecraft:redstone_wire":1,"farmersdelight:tomatoes":3,"minecraft:mangrove_trapdoor":1,"minecraft:red_mushroom":1,"minecraft:acacia_slab":1,"minecraft:kelp":3,"minecraft:large_fern":3,"minecraft:hay_block":16,"minecraft:furnace":7,"minecraft:polished_blackstone_button":3,"minecraft:green_terracotta":2,"minecraft:andesite":1,"twilightforest:twilight_oak_leaves":8,"minecraft:cobblestone_slab":1,"minecraft:vine":3,"minecraft:packed_ice":1,"minecraft:stone":134,"minecraft:acacia_leaves":19,"minecraft:scaffolding":1,"minecraft:basalt":4,"minecraft:dandelion":3,"minecraft:oak_fence":1,"minecraft:crafting_table":10,"minecraft:blackstone_slab":6,"minecraft:andesite_slab":3,"minecraft:campfire":1,"minecraft:tall_grass":85,"minecraft:lapis_ore":5,"minecraft:spruce_stairs":4,"minecraft:red_terracotta":5,"minecraft:coarse_dirt":2,"minecraft:sweet_berry_bush":6,"minecraft:birch_leaves":1,"minecraft:coal_ore":4,"minecraft:cracked_stone_bricks":2,"minecraft:terracotta":5,"minecraft:acacia_planks":14,"minecraft:polished_andesite":2,"minecraft:stone_bricks":2,"minecraft:fern":2},"minecraft:custom":{"minecraft:interact_with_crafting_table":40,"minecraft:open_barrel":34,"minecraft:eat_cake_slice":6,"minecraft:leave_game":24,"minecraft:time_since_death":0,"minecraft:damage_resisted":0,"minecraft:sprint_one_cm":1172445,"minecraft:damage_blocked_by_shield":15,"minecraft:drop":152,"minecraft:talked_to_villager":15,"minecraft:play_time":356880,"minecraft:deaths":39,"minecraft:jump":8411,"minecraft:walk_on_water_one_cm":139817,"minecraft:interact_with_furnace":28,"minecraft:sleep_in_bed":2,"minecraft:waystone_activated":4,"minecraft:damage_dealt":7191,"minecraft:crouch_one_cm":17357,"tombstone:undead_killed":7,"minecraft:interact_with_smoker":3,"minecraft:mob_kills":38,"minecraft:interact_with_campfire":1,"minecraft:damage_dealt_resisted":0,"minecraft:climb_one_cm":13211,"minecraft:walk_one_cm":688212,"minecraft:sneak_time":7855,"minecraft:walk_under_water_one_cm":140099,"minecraft:boat_one_cm":1243956,"minecraft:total_world_time":356880,"minecraft:interact_with_grindstone":1,"minecraft:time_since_rest":136,"minecraft:damage_taken":14680,"minecraft:swim_one_cm":351453,"minecraft:fly_one_cm":5092015,"minecraft:open_chest":115,"minecraft:fall_one_cm":214198},"minecraft:used":{"minecraft:iron_shovel":2,"minecraft:poppy":1,"minecraft:ladder":3,"minecraft:shield":1,"minecraft:iron_sword":46,"minecraft:player_head":1,"minecraft:rotten_flesh":3,"minecraft:carrot":8,"minecraft:tuff":1,"minecraft:stone_bricks":1,"minecraft:item_frame":1,"minecraft:sweet_berries":2,"minecraft:furnace":9,"minecraft:egg":1,"minecraft:potato":7,"minecraft:stone_pickaxe":90,"minecraft:oak_planks":11,"minecraft:blackstone":2,"minecraft:wooden_pickaxe":77,"minecraft:deepslate_brick_stairs":1,"waystones:waystone":2,"minecraft:bread":41,"minecraft:blackstone_slab":7,"minecraft:oak_boat":5,"minecraft:coarse_dirt":2,"minecraft:experience_bottle":8,"minecraft:stone_sword":330,"minecraft:acacia_log":1,"minecraft:cooked_salmon":3,"minecraft:torch":7,"minecraft:dirt":36,"minecraft:spruce_stairs":2,"twilightforest:sorting_door":1,"minecraft:iron_axe":13,"minecraft:acacia_slab":1,"twilightforest:canopy_door":1,"tombstone:gift":6,"minecraft:cooked_beef":1,"minecraft:acacia_planks":50,"minecraft:cobbled_deepslate":1,"minecraft:cooked_mutton":1,"alexsmobs:cooked_catfish":2,"minecraft:acacia_boat":3,"minecraft:water_bucket":46,"tombstone:scroll_of_knowledge":2,"minecraft:polished_andesite":2,"minecraft:cobblestone_slab":1,"minecraft:deepslate_bricks":2,"minecraft:mangrove_trapdoor":1,"minecraft:terracotta":5,"minecraft:crafting_table":15,"minecraft:magenta_bed":2,"minecraft:apple":11,"twilightforest:firefly":2,"minecraft:iron_pickaxe":69,"minecraft:stone_axe":177,"minecraft:potion":1,"minecraft:bucket":47,"alexsmobs:animal_dictionary":1,"minecraft:polished_blackstone_button":4},"minecraft:dropped":{"minecraft:glass_bottle":2,"minecraft:crafting_table":1,"minecraft:orange_tulip":1,"minecraft:leather":5,"minecraft:saddle":1,"minecraft:leather_helmet":2,"farmersdelight:rice":12,"minecraft:red_mushroom":1,"minecraft:dirt":3,"minecraft:mutton":1,"minecraft:bone_meal":1,"minecraft:polished_blackstone_bricks":1,"minecraft:white_wool":9,"minecraft:gold_ingot":2,"minecraft:armor_stand":2,"alexsmobs:gazelle_horn":2,"minecraft:golden_chestplate":1,"alexsmobs:animal_dictionary":1,"minecraft:andesite_slab":1,"butchersdelight:deadsheep":3,"minecraft:wheat":2,"aether:leather_gloves":3,"iceandfire:shiny_scales":1,"minecraft:poppy":1,"minecraft:leather_chestplate":1,"minecraft:skeleton_skull":1,"minecraft:charcoal":36,"iceandfire:pixie_dust":2,"minecraft:leather_leggings":1,"minecraft:painting":1,"minecraft:bread":1,"minecraft:golden_boots":2,"minecraft:wheat_seeds":461,"minecraft:lilac":2,"minecraft:mangrove_trapdoor":1,"minecraft:cobblestone":8,"minecraft:spruce_stairs":1,"minecraft:acacia_log":4,"minecraft:coal":8,"bossominium:the_bossdexium":1,"minecraft:stick":6,"minecraft:deepslate_brick_stairs":1,"minecraft:torch":6,"tombstone:grave_key":10,"tombstone:grave_dust":9,"minecraft:pumpkin":1,"minecraft:iron_shovel":1,"butchersdelight:deadpig":2,"minecraft:acacia_planks":12,"minecraft:dandelion":1,"minecraft:kelp":9,"minecraft:stone_sword":3,"minecraft:light_gray_wool":1,"minecraft:clay_ball":4,"minecraft:shears":1,"minecraft:red_terracotta":5,"minecraft:cobblestone_slab":2,"minecraft:allium":13,"minecraft:golden_leggings":2,"minecraft:stone_pressure_plate":1,"minecraft:bamboo":5,"minecraft:stone_pickaxe":1,"minecraft:wooden_pickaxe":2},"minecraft:killed_by":{"mutantmonsters:mutant_zombie":3,"iceandfire:cyclops":1,"minecraft:creeper":1,"iceandfire:siren":1,"alexsmobs:elephant":1,"minecraft:drowned":1,"iceandfire:sea_serpent":5,"mutantmonsters:mutant_creeper":1,"mowziesmobs:umvuthi":1,"minecraft:zombie":7,"alexsmobs:grizzly_bear":1,"minecraft:player":2,"irons_spellbooks:necromancer":2,"mutantmonsters:mutant_skeleton":1,"minecraft:skeleton":6},"minecraft:picked_up":{"minecraft:wheat":182,"minecraft:lead":1,"minecraft:enchanted_book":1,"tombstone:grave_key":6,"alexsmobs:gazelle_horn":2,"minecraft:iron_leggings":1,"minecraft:armor_stand":2,"minecraft:experience_bottle":2,"minecraft:cobbled_deepslate":1,"minecraft:cobblestone_slab":3,"minecraft:iron_pickaxe":1,"minecraft:iron_boots":1,"minecraft:furnace":7,"minecraft:stick":4,"minecraft:torch":13,"minecraft:acacia_log":53,"minecraft:spruce_stairs":3,"tombstone:grave_dust":6,"minecraft:golden_chestplate":1,"minecraft:stone_sword":3,"minecraft:rotten_flesh":2,"minecraft:tropical_fish":2,"supplementaries:ash":1,"minecraft:deepslate_brick_stairs":2,"minecraft:cobblestone":135,"minecraft:leather_chestplate":1,"minecraft:lilac":2,"farmersdelight:rice":12,"minecraft:golden_leggings":2,"minecraft:potato":4,"butchersdelight:deadpig":4,"minecraft:tuff":1,"minecraft:magenta_bed":3,"minecraft:acacia_boat":1,"minecraft:lapis_lazuli":31,"minecraft:dirt":45,"minecraft:acacia_planks":46,"minecraft:orange_tulip":1,"minecraft:wheat_seeds":420,"minecraft:bamboo":4,"minecraft:oak_planks":7,"iceandfire:shiny_scales":1,"minecraft:red_terracotta":5,"minecraft:polished_andesite":2,"waystones:waystone":3,"minecraft:polished_blackstone_button":4,"minecraft:crossbow":2,"minecraft:bone_meal":2,"minecraft:bread":1,"minecraft:emerald":3,"minecraft:andesite_slab":1,"minecraft:crafting_table":10,"minecraft:charcoal":20,"minecraft:coarse_dirt":2,"minecraft:allium":14,"minecraft:clay_ball":4,"minecraft:leather_leggings":1,"minecraft:shield":2,"aether:leather_gloves":1,"minecraft:item_frame":16,"minecraft:iron_shovel":1,"minecraft:blackstone":2,"butchersdelight:dead_cow":5,"minecraft:oak_boat":2,"minecraft:player_head":2,"minecraft:light_gray_wool":1,"minecraft:poppy":2,"minecraft:egg":1,"minecraft:raw_iron":11,"minecraft:polished_blackstone_bricks":1,"minecraft:mangrove_trapdoor":2,"minecraft:stone_pressure_plate":1,"twilightforest:firefly":9,"minecraft:tnt":2,"minecraft:diamond_chestplate":1,"butchersdelight:deadsheep":16,"minecraft:deepslate_bricks":2,"minecraft:hay_block":16,"mowziesmobs:umvuthana_mask_bliss":1,"minecraft:yellow_terracotta":2,"minecraft:gold_ingot":3,"minecraft:skeleton_skull":1,"minecraft:white_wool":9,"minecraft:salmon":8,"minecraft:leather":2,"minecraft:blackstone_slab":7,"minecraft:red_mushroom":1,"minecraft:oak_log":11,"minecraft:golden_boots":1,"butchersdelight:deadchiken":1,"minecraft:stone_bricks":1,"minecraft:kelp":9,"minecraft:iron_ingot":3,"minecraft:glass_bottle":1,"minecraft:book":6,"minecraft:pumpkin":1,"minecraft:sweet_berries":2,"minecraft:dandelion":1,"minecraft:white_bed":2,"minecraft:leather_helmet":1,"alexsmobs:raw_catfish":2,"minecraft:painting":1,"minecraft:terracotta":5,"minecraft:acacia_slab":1,"minecraft:coal":10},"minecraft:broken":{"minecraft:stone_axe":1},"minecraft:killed":{"guardvillagers:guard":2,"minecraft:spider":2,"minecraft:skeleton":1,"minecraft:salmon":10,"minecraft:creeper":1,"minecraft:sheep":10,"minecraft:zombie":6,"boh:seed_eater":1,"mowziesmobs:umvuthana":1,"alexsmobs:catfish":2,"alexsmobs:gazelle":2}},"DataVersion":3465}