{"stats":{"minecraft:crafted":{"minecraft:oak_planks":16,"minecraft:stone_pickaxe":1,"minecraft:dark_oak_planks":12,"minecraft:wheat":207,"minecraft:emerald":32,"minecraft:crafting_table":1,"minecraft:wooden_pickaxe":1,"minecraft:hay_block":10,"minecraft:bread":86,"minecraft:stick":4,"minecraft:white_bed":1,"minecraft:acacia_planks":60},"minecraft:mined":{"minecraft:white_bed":2,"iceandfire:silver_ore":2,"minecraft:candle":7,"minecraft:dark_oak_log":1,"butchersdelight:deadsheepblock":1,"minecraft:acacia_log":19,"minecraft:grass_block":16,"minecraft:oxeye_daisy":1,"minecraft:hay_block":50,"minecraft:smooth_stone":8,"minecraft:tall_seagrass":1,"minecraft:iron_ore":3,"minecraft:lime_stained_glass_pane":1,"minecraft:stone":30,"minecraft:player_head":2,"minecraft:white_wool":11,"iceandfire:pixie_jar_empty":3,"minecraft:acacia_leaves":2,"minecraft:glass_pane":1,"minecraft:cyan_terracotta":4,"minecraft:stripped_dark_oak_log":2,"iceandfire:myrmex_desert_resin_glass":1,"minecraft:crafting_table":5,"minecraft:torch":2,"farmersdelight:cabbages":1,"minecraft:glass":11,"minecraft:tall_grass":11,"minecraft:green_stained_glass_pane":1,"butchersdelight:deadchickenblock":1,"minecraft:wall_torch":6,"minecraft:coarse_dirt":6,"minecraft:wheat":155,"minecraft:mangrove_leaves":3,"minecraft:yellow_bed":1,"minecraft:grass":67,"minecraft:oak_log":4,"minecraft:gravel":4,"minecraft:dirt":10,"minecraft:terracotta":2,"minecraft:acacia_planks":1,"minecraft:stone_bricks":4,"minecraft:oak_leaves":13},"minecraft:custom":{"minecraft:mob_kills":13,"minecraft:interact_with_crafting_table":12,"minecraft:open_barrel":3,"minecraft:bell_ring":4,"minecraft:damage_dealt_resisted":0,"minecraft:eat_cake_slice":6,"minecraft:leave_game":8,"minecraft:time_since_death":232,"minecraft:climb_one_cm":4929,"minecraft:damage_resisted":0,"minecraft:sprint_one_cm":454638,"minecraft:walk_one_cm":492976,"minecraft:drop":17,"minecraft:talked_to_villager":9,"minecraft:play_time":194429,"minecraft:deaths":14,"minecraft:sneak_time":1798,"minecraft:walk_under_water_one_cm":13793,"minecraft:jump":4262,"minecraft:walk_on_water_one_cm":44376,"minecraft:total_world_time":194429,"minecraft:traded_with_villager":16,"minecraft:sleep_in_bed":6,"minecraft:time_since_rest":1,"minecraft:waystone_activated":2,"minecraft:damage_taken":4503,"minecraft:damage_dealt":3708,"minecraft:fly_one_cm":837987,"minecraft:swim_one_cm":101213,"minecraft:player_kills":3,"minecraft:open_chest":53,"minecraft:crouch_one_cm":3874,"tombstone:undead_killed":2,"minecraft:fall_one_cm":117409},"minecraft:used":{"minecraft:iron_sword":160,"minecraft:player_head":2,"minecraft:rotten_flesh":2,"minecraft:torch":7,"minecraft:dirt":19,"minecraft:obsidian":1,"iceandfire:myrmex_desert_resin_glass":1,"minecraft:dark_oak_planks":12,"minecraft:iron_boots":3,"minecraft:stone_bricks":3,"minecraft:item_frame":1,"minecraft:hay_block":1,"tombstone:gift":4,"minecraft:egg":3,"minecraft:acacia_planks":38,"minecraft:pumpkin":2,"iceandfire:pixie_jar_empty":3,"minecraft:wheat_seeds":23,"minecraft:water_bucket":11,"minecraft:leather_leggings":2,"iceandfire:podium_acacia":3,"minecraft:stone_pickaxe":28,"minecraft:leather_chestplate":2,"minecraft:wooden_pickaxe":12,"minecraft:white_wool":6,"minecraft:salmon":1,"minecraft:crafting_table":6,"minecraft:white_bed":3,"minecraft:black_wool":5,"minecraft:bread":18,"minecraft:iron_pickaxe":19,"minecraft:gravel":4,"minecraft:cobblestone":26,"minecraft:bucket":11,"minecraft:yellow_bed":1,"alexsmobs:animal_dictionary":1,"minecraft:coarse_dirt":6,"minecraft:smooth_stone":6,"minecraft:experience_bottle":1,"minecraft:cobweb":5},"minecraft:dropped":{"minecraft:iron_sword":2,"minecraft:wheat_seeds":363,"minecraft:item_frame":3,"tombstone:grave_key":1,"minecraft:leather_leggings":1,"minecraft:stone_pickaxe":1},"minecraft:killed_by":{"minecraft:player":5,"minecraft:creeper":1,"minecraft:drowned":1,"boh:seed_eater":1,"minecraft:skeleton":1,"iceandfire:cockatrice":2},"minecraft:picked_up":{"minecraft:coarse_dirt":6,"minecraft:crafting_table":5,"minecraft:wheat":147,"minecraft:chicken":1,"minecraft:enchanted_book":1,"tombstone:grave_key":1,"minecraft:string":5,"minecraft:item_frame":5,"minecraft:iron_leggings":1,"minecraft:armor_stand":1,"minecraft:experience_bottle":1,"iceandfire:bestiary":1,"minecraft:candle":16,"minecraft:smooth_stone":6,"minecraft:player_head":2,"minecraft:chest":1,"iceandfire:podium_acacia":4,"minecraft:raw_iron":3,"minecraft:torch":7,"minecraft:acacia_log":17,"minecraft:stone_button":1,"tombstone:grave_dust":2,"butchersdelight:deadsheep":3,"minecraft:rotten_flesh":2,"minecraft:hay_block":49,"minecraft:cyan_terracotta":2,"minecraft:gold_ingot":1,"minecraft:white_wool":12,"minecraft:cobblestone":29,"minecraft:feather":2,"minecraft:salmon":1,"minecraft:brown_wool":1,"alexsmobs:acacia_blossom":1,"iceandfire:myrmex_desert_resin_glass":1,"minecraft:oak_log":4,"minecraft:yellow_bed":1,"minecraft:dirt":24,"butchersdelight:deadchiken":1,"minecraft:acacia_planks":1,"minecraft:stone_bricks":3,"iceandfire:pixie_jar_empty":4,"minecraft:wheat_seeds":491,"alexsmobs:cockroach_wing_fragment":2,"minecraft:iron_ingot":6,"minecraft:stone_pickaxe":1,"minecraft:iron_sword":4,"minecraft:gravel":4,"minecraft:white_bed":2,"minecraft:dark_oak_log":1,"minecraft:spider_eye":2,"minecraft:polished_blackstone_button":3,"alexsmobs:maggot":3,"minecraft:terracotta":2,"minecraft:oak_sapling":1,"minecraft:stripped_dark_oak_log":2,"iceandfire:raw_silver":2},"minecraft:killed":{"minecraft:cave_spider":1,"minecraft:spider":2,"alexsmobs:bald_eagle":1,"minecraft:tropical_fish":1,"minecraft:salmon":2,"minecraft:sheep":2,"minecraft:zombie":2,"alexsmobs:elephant":1,"alexsmobs:maned_wolf":1}},"DataVersion":3465}